{"Train epoch_loss": 0.010397534497578938, "Test epoch_loss": 52.01802885532379, "Train accuracy": 0.5007555484771729, "Test accuracy": 0.49453333020210266, "_timestamp": 1677271461.7983027, "_runtime": 60.69493269920349, "_step": 17, "parameters/graph_2conv1.weight": {"_type": "histogram", "values": [1.0, 0.0, 0.0, 0.0, 0.0, 0.0, 0.0, 0.0, 0.0, 0.0, 0.0, 0.0, 0.0, 0.0, 0.0, 0.0, 0.0, 0.0, 0.0, 0.0, 0.0, 0.0, 0.0, 0.0, 0.0, 0.0, 0.0, 0.0, 0.0, 0.0, 0.0, 0.0, 0.0, 0.0, 0.0, 0.0, 0.0, 0.0, 0.0, 0.0, 0.0, 0.0, 0.0, 1.0, 0.0, 0.0, 0.0, 0.0, 0.0, 0.0, 0.0, 0.0, 1.0, 1.0, 0.0, 0.0, 0.0, 0.0, 1.0, 0.0, 0.0, 0.0, 1.0, 426.0], "bins": [-2132798996480.0, -2099474071552.0, -2066149015552.0, -2032824090624.0, -1999499034624.0, -1966174109696.0, -1932849053696.0, -1899524128768.0, -1866199072768.0, -1832874147840.0, -1799549091840.0, -1766224166912.0, -1732899110912.0, -1699574185984.0, -1666249129984.0, -1632924205056.0, -1599599280128.0, -1566274355200.0, -1532949299200.0, -1499624374272.0, -1466299318272.0, -1432974393344.0, -1399649337344.0, -1366324412416.0, -1332999356416.0, -1299674431488.0, -1266349375488.0, -1233024450560.0, -1199699394560.0, -1166374469632.0, -1133049413632.0, -1099724488704.0, -1066399498240.0, -1033074507776.0, -999749517312.0, -966424526848.0, -933099536384.0, -899774545920.0, -866449620992.0, -833124630528.0, -799799640064.0, -766474649600.0, -733149659136.0, -699824668672.0, -666499678208.0, -633174753280.0, -599849697280.0, -566524772352.0, -533199749120.0, -499874758656.0, -466549768192.0, -433224810496.0, -399899820032.0, -366574829568.0, -333249839104.0, -299924848640.0, -266599874560.0, -233274884096.0, -199949910016.0, -166624919552.0, -133299937280.0, -99974955008.0, -66649964544.0, -33324990464.0, -0.09643615782260895]}, "parameters/graph_2conv1.bias": {"_type": "histogram", "values": [1.0, 0.0, 0.0, 0.0, 0.0, 0.0, 0.0, 0.0, 0.0, 0.0, 0.0, 0.0, 0.0, 0.0, 0.0, 0.0, 0.0, 0.0, 0.0, 0.0, 0.0, 0.0, 0.0, 0.0, 0.0, 0.0, 0.0, 0.0, 0.0, 0.0, 0.0, 0.0, 0.0, 0.0, 0.0, 0.0, 0.0, 0.0, 0.0, 0.0, 0.0, 0.0, 0.0, 0.0, 0.0, 0.0, 0.0, 0.0, 0.0, 0.0, 0.0, 0.0, 0.0, 0.0, 0.0, 0.0, 0.0, 0.0, 0.0, 0.0, 0.0, 0.0, 0.0, 15.0], "bins": [-27353409536.0, -26926012416.0, -26498615296.0, -26071218176.0, -25643821056.0, -25216423936.0, -24789026816.0, -24361629696.0, -23934232576.0, -23506835456.0, -23079438336.0, -22652041216.0, -22224644096.0, -21797246976.0, -21369849856.0, -20942452736.0, -20515057664.0, -20087660544.0, -19660263424.0, -19232866304.0, -18805469184.0, -18378072064.0, -17950674944.0, -17523277824.0, -17095880704.0, -16668483584.0, -16241086464.0, -15813689344.0, -15386292224.0, -14958895104.0, -14531497984.0, -14104101888.0, -13676704768.0, -13249307648.0, -12821910528.0, -12394513408.0, -11967116288.0, -11539720192.0, -11112323072.0, -10684925952.0, -10257528832.0, -9830131712.0, -9402734592.0, -8975337472.0, -8547940864.0, -8120543744.0, -7693146624.0, -7265750016.0, -6838352384.0, -6410955264.0, -5983558144.0, -5556161536.0, -5128764416.0, -4701367296.0, -4273970176.0, -3846573312.0, -3419176192.0, -2991779072.0, -2564382208.0, -2136985088.0, -1709588096.0, -1282191104.0, -854793984.0, -427397120.0, -0.03921156004071236]}, "parameters/graph_2conv2.weight": {"_type": "histogram", "values": [1.0, 0.0, 0.0, 0.0, 1.0, 0.0, 0.0, 0.0, 0.0, 1.0, 1.0, 0.0, 0.0, 0.0, 1.0, 3.0, 0.0, 0.0, 1.0, 0.0, 0.0, 2.0, 3.0, 0.0, 1.0, 2.0, 1.0, 0.0, 0.0, 2.0, 1.0, 2.0, 1.0, 1.0, 0.0, 1.0, 0.0, 0.0, 1.0, 1.0, 1.0, 0.0, 0.0, 1.0, 3.0, 3.0, 3.0, 1.0, 7.0, 3.0, 7.0, 7.0, 9.0, 4.0, 6.0, 2.0, 3.0, 4.0, 5.0, 2.0, 3.0, 4.0, 12.0, 9098.0], "bins": [-810588766208.0, -797839523840.0, -785090215936.0, -772340973568.0, -759591731200.0, -746842488832.0, -734093246464.0, -721343938560.0, -708594696192.0, -695845453824.0, -683096145920.0, -670346903552.0, -657597661184.0, -644848418816.0, -632099176448.0, -619349868544.0, -606600626176.0, -593851383808.0, -581102075904.0, -568352833536.0, -555603591168.0, -542854348800.0, -530105073664.0, -517355798528.0, -504606556160.0, -491857313792.0, -479108038656.0, -466358763520.0, -453609521152.0, -440860278784.0, -428111003648.0, -415361728512.0, -402612453376.0, -389863178240.0, -377113935872.0, -364364693504.0, -351615418368.0, -338866143232.0, -326116900864.0, -313367658496.0, -300618383360.0, -287869108224.0, -275119865856.0, -262370607104.0, -249621348352.0, -236872089600.0, -224122830848.0, -211373572096.0, -198624329728.0, -185875070976.0, -173125812224.0, -160376553472.0, -147627294720.0, -134878035968.0, -122128777216.0, -109379518464.0, -96630251520.0, -83880992768.0, -71131734016.0, -58382475264.0, -45633216512.0, -32883957760.0, -20134699008.0, -7385440256.0, 5363815936.0]}, "parameters/graph_2conv2.bias": {"_type": "histogram", "values": [1.0, 0.0, 0.0, 0.0, 0.0, 0.0, 0.0, 0.0, 0.0, 0.0, 0.0, 0.0, 0.0, 0.0, 0.0, 0.0, 0.0, 0.0, 0.0, 0.0, 0.0, 0.0, 0.0, 0.0, 0.0, 0.0, 0.0, 0.0, 0.0, 0.0, 0.0, 0.0, 0.0, 0.0, 0.0, 0.0, 0.0, 0.0, 0.0, 0.0, 0.0, 0.0, 0.0, 0.0, 0.0, 0.0, 0.0, 0.0, 0.0, 0.0, 0.0, 0.0, 0.0, 0.0, 0.0, 0.0, 0.0, 0.0, 0.0, 0.0, 0.0, 0.0, 0.0, 63.0], "bins": [-5.245192303017984e+16, -5.163236166572442e+16, -5.081280030126899e+16, -4.999323893681357e+16, -4.917367757235814e+16, -4.835411620790272e+16, -4.75345548434473e+16, -4.671499347899187e+16, -4.589543211453645e+16, -4.507587075008102e+16, -4.42563093856256e+16, -4.343674802117018e+16, -4.261718665671475e+16, -4.179762529225933e+16, -4.09780639278039e+16, -4.015850256334848e+16, -3.933894119889306e+16, -3.851937983443763e+16, -3.769981846998221e+16, -3.688025710552678e+16, -3.606069574107136e+16, -3.5241134376615936e+16, -3.442157301216051e+16, -3.360201164770509e+16, -3.278245243073331e+16, -3.196289106627789e+16, -3.1143329701822464e+16, -3.032376833736704e+16, -2.9504206972911616e+16, -2.868464560845619e+16, -2.786508424400077e+16, -2.7045522879545344e+16, -2.622596151508992e+16, -2.5406400150634496e+16, -2.458683878617907e+16, -2.376727742172365e+16, -2.2947716057268224e+16, -2.21281546928128e+16, -2.1308593328357376e+16, -2.048903196390195e+16, -1.966947059944653e+16, -1.8849909234991104e+16, -1.803034787053568e+16, -1.7210786506080256e+16, -1.6391225141624832e+16, -1.5571663777169408e+16, -1.4752102412713984e+16, -1.393254104825856e+16, -1.311298075754496e+16, -1.2293419393089536e+16, -1.1473858028634112e+16, -1.0654296664178688e+16, -9834735299723264.0, -9015173935267840.0, -8195613107683328.0, -7376051743227904.0, -6556490378772480.0, -5736929014317056.0, -4917367649861632.0, -4097806553841664.0, -3278245189386240.0, -2458683824930816.0, -1639122728910848.0, -819561364455424.0, 38178428.0]}, "parameters/graph_2fc1.weight": {"_type": "histogram", "values": [2.0, 0.0, 0.0, 0.0, 0.0, 0.0, 0.0, 0.0, 2.0, 1.0, 1.0, 1.0, 0.0, 1.0, 1.0, 2.0, 2.0, 3.0, 1.0, 1.0, 3.0, 0.0, 4.0, 4.0, 1.0, 2.0, 2.0, 3.0, 5.0, 2.0, 3.0, 0.0, 10.0, 3.0, 3.0, 3.0, 9.0, 6.0, 7.0, 8.0, 12.0, 8.0, 9.0, 15.0, 9.0, 11.0, 13.0, 10.0, 26.0, 14.0, 31.0, 32.0, 43.0, 35.0, 54.0, 68.0, 93.0, 109.0, 134.0, 177.0, 269.0, 467.0, 973.0, 988524.0],