{"epoch": 4.685333333333258, "train_loss": 0.3951602280139923, "raw_loss": 0.34260642528533936, "wd_0": 0.01, "sqr_mom_0": 0.99, "lr_0": 7.399521350387857e-06, "mom_0": 0.8825059831201518, "eps_0": 1e-05, "wd_1": 0.01, "sqr_mom_1": 0.99, "lr_1": 7.399521350387856e-05, "mom_1": 0.8825059831201518, "eps_1": 1e-05, "wd_2": 0.01, "sqr_mom_2": 0.99, "lr_2": 0.0007399521350387856, "mom_2": 0.8825059831201518, "eps_2": 1e-05, "_timestamp": 1683121847.0594308, "train_samples_per_sec": 1031.8386720237343, "_runtime": 206.07029390335083, "_step": 1756, "valid_loss": 0.6523826122283936, "accuracy": 0.6541666388511658, "Prediction_Samples": {"_type": "table-file", "sha256": "3cabca8c322d0b285cfb5f044f6175fdb5d4d7c675e6ac3824ef721f7f8b8549", "size": 969, "artifact_path": "wandb-client-artifact://qieldg3riba84k0lcefphdgv81kvjrvgc0zgglpv26pfkpjbbv07b9i3rdmid3xw07bwmedxtvwta1vzkkjik2tdjpr8bg31kpasbp9ysyupsgp3n2tiho4p5dxcoail:latest/Prediction_Samples.table.json", "_latest_artifact_path": "wandb-client-artifact://qieldg3riba84k0lcefphdgv81kvjrvgc0zgglpv26pfkpjbbv07b9i3rdmid3xw07bwmedxtvwta1vzkkjik2tdjpr8bg31kpasbp9ysyupsgp3n2tiho4p5dxcoail:latest/Prediction_Samples.table.json", "path": "media/table/Prediction_Samples_374_3cabca8c322d0b285cfb.table.json", "ncols": 3, "nrows": 36}}