{"acc": 0.9734847289394333, "loss": 0.028514662422863605, "_timestamp": 1676635188.7368238, "_runtime": 9.84521770477295, "_step": 97, "_wandb": {"runtime": 0}}