{"epoch": 6, "train_loss": 0.04318906366825104, "raw_loss": 0.012526020407676697, "wd_0": 0.01, "sqr_mom_0": 0.99, "lr_0": 1.1432389041181128e-10, "mom_0": 0.9499998567596635, "eps_0": 1e-05, "wd_1": 0.01, "sqr_mom_1": 0.99, "lr_1": 1.143238904124889e-09, "mom_1": 0.9499998567596635, "eps_1": 1e-05, "wd_2": 0.01, "sqr_mom_2": 0.99, "lr_2": 1.143238904108626e-08, "mom_2": 0.9499998567596635, "eps_2": 1e-05, "_timestamp": 1677588739.461732, "train_samples_per_sec": 1846.210652636396, "_runtime": 208.03793787956238, "_step": 2249, "valid_loss": 1.380253791809082, "accuracy": 0.6424999833106995, "Prediction_Samples": {"_type": "table-file", "sha256": "d403397b30ed051562b0261e3235c21438281ca81b876f916937f7a93a32a68b", "size": 969, "artifact_path": "wandb-client-artifact://mg74j0kondpo56px6v6h20lsao64vosamfp9h4ntnxmym91diq5sdw18jyelp4rumaglwbykg2wqhsqelccn5cm8ew4qbf4gwgcr1toygdoyg6zjdegc88fmve2xb7yc:latest/Prediction_Samples.table.json", "_latest_artifact_path": "wandb-client-artifact://mg74j0kondpo56px6v6h20lsao64vosamfp9h4ntnxmym91diq5sdw18jyelp4rumaglwbykg2wqhsqelccn5cm8ew4qbf4gwgcr1toygdoyg6zjdegc88fmve2xb7yc:latest/Prediction_Samples.table.json", "path": "media/table/Prediction_Samples_2249_d403397b30ed051562b0.table.json", "ncols": 3, "nrows": 36}}