{"Train epoch_loss": NaN, "Test epoch_loss": NaN, "Train accuracy": 0.49817776679992676, "Test accuracy": 0.505466639995575, "_timestamp": 1677759735.2255287, "_runtime": 79.31214380264282, "_step": 19, "parameters/graph_1conv1.weight": {"_type": "histogram", "values": [1.0, 0.0, 0.0, 0.0, 0.0, 0.0, 0.0, 0.0, 0.0, 0.0, 0.0, 0.0, 0.0, 0.0, 0.0, 0.0, 0.0, 0.0, 0.0, 0.0, 0.0, 1.0, 0.0, 0.0, 0.0, 0.0, 0.0, 0.0, 1.0, 0.0, 0.0, 0.0, 0.0, 0.0, 0.0, 0.0, 0.0, 1.0, 1.0, 0.0, 1.0, 0.0, 0.0, 1.0, 0.0, 0.0, 0.0, 0.0, 1.0, 1.0, 0.0, 0.0, 0.0, 2.0, 0.0, 0.0, 2.0, 1.0, 1.0, 3.0, 1.0, 5.0, 16.0, 230.0], "bins": [-39319.078125, -38704.76953125, -38090.46484375, -37476.15625, -36861.84765625, -36247.5390625, -35633.234375, -35018.92578125, -34404.6171875, -33790.30859375, -33176.00390625, -32561.6953125, -31947.38671875, -31333.080078125, -30718.7734375, -30104.46484375, -29490.16015625, -28875.853515625, -28261.544921875, -27647.23828125, -27032.9296875, -26418.623046875, -25804.31640625, -25190.0078125, -24575.69921875, -23961.392578125, -23347.083984375, -22732.77734375, -22118.46875, -21504.162109375, -20889.85546875, -20275.546875, -19661.23828125, -19046.931640625, -18432.623046875, -17818.31640625, -17204.0078125, -16589.701171875, -15975.3935546875, -15361.0859375, -14746.7802734375, -14132.47265625, -13518.1650390625, -12903.857421875, -12289.55078125, -11675.2431640625, -11060.935546875, -10446.62890625, -9832.3203125, -9218.0126953125, -8603.705078125, -7989.39794921875, -7375.0908203125, -6760.783203125, -6146.4755859375, -5532.16845703125, -4917.8603515625, -4303.552734375, -3689.24560546875, -3074.93798828125, -2460.630615234375, -1846.3232421875, -1232.015625, -617.70849609375, -3.4011147022247314]}, "parameters/graph_1conv1.bias": {"_type": "histogram", "values": [1.0, 0.0, 0.0, 0.0, 0.0, 0.0, 0.0, 0.0, 0.0, 0.0, 0.0, 0.0, 0.0, 0.0, 1.0, 0.0, 0.0, 0.0, 0.0, 0.0, 0.0, 0.0, 0.0, 0.0, 0.0, 1.0, 0.0, 0.0, 0.0, 0.0, 0.0, 0.0, 0.0, 0.0, 0.0, 1.0, 0.0, 0.0, 2.0, 0.0, 0.0, 0.0, 0.0, 0.0, 0.0, 0.0, 0.0, 0.0, 0.0, 0.0, 0.0, 0.0, 0.0, 0.0, 0.0, 0.0, 0.0, 0.0, 0.0, 0.0, 0.0, 0.0, 0.0, 4.0], "bins": [-914.3268432617188, -900.1967163085938, -886.0665893554688, -871.9364013671875, -857.8062744140625, -843.6761474609375, -829.5460205078125, -815.4158935546875, -801.2857666015625, -787.1556396484375, -773.0255126953125, -758.8953247070312, -744.7651977539062, -730.6350708007812, -716.5049438476562, -702.3748168945312, -688.24462890625, -674.114501953125, -659.984375, -645.8541870117188, -631.7240600585938, -617.5939331054688, -603.4638061523438, -589.3336791992188, -575.2034912109375, -561.0733642578125, -546.9432373046875, -532.8130493164062, -518.6829223632812, -504.55279541015625, -490.42266845703125, -476.29254150390625, -462.16241455078125, -448.03228759765625, -433.9021301269531, -419.7720031738281, -405.641845703125, -391.51171875, -377.381591796875, -363.25146484375, -349.1213073730469, -334.9911804199219, -320.86102294921875, -306.73089599609375, -292.60076904296875, -278.4706115722656, -264.3404846191406, -250.21034240722656, -236.0802001953125, -221.95005798339844, -207.81991577148438, -193.68978881835938, -179.5596466064453, -165.42950439453125, -151.29937744140625, -137.1692352294922, -123.03909301757812, -108.90895080566406, -94.77881622314453, -80.648681640625, -66.51853942871094, -52.388397216796875, -38.258262634277344, -24.128128051757812, -9.997982025146484]}, "gradients/graph_1conv1.weight": {"_type": "histogram", "values": [0.0, 0.0, 0.0, 0.0, 0.0, 0.0, 0.0, 0.0, 0.0, 0.0, 0.0, 0.0, 0.0, 0.0, 0.0, 0.0, 0.0, 0.0, 0.0, 0.0, 0.0, 0.0, 0.0, 0.0, 0.0, 0.0, 0.0, 0.0, 0.0, 0.0, 0.0, 0.0, 270.0, 0.0, 0.0, 0.0, 0.0, 0.0, 0.0, 0.0, 0.0, 0.0, 0.0, 0.0, 0.0, 0.0, 0.0, 0.0, 0.0, 0.0, 0.0, 0.0, 0.0, 0.0, 0.0, 0.0, 0.0, 0.0, 0.0, 0.0, 0.0, 0.0, 0.0, 0.0], "bins": [0.0, 0.0, 0.0, 0.0, 0.0, 0.0, 0.0, 0.0, 0.0, 0.0, 0.0, 0.0, 0.0, 0.0, 0.0, 0.0, 0.0, 0.0, 0.0, 0.0, 0.0, 0.0, 0.0, 0.0, 0.0, 0.0, 0.0, 0.0, 0.0, 0.0, 0.0, 0.0, 0.0, 0.0, 0.0, 0.0, 0.0, 0.0, 0.0, 0.0, 0.0, 0.0, 0.0, 0.0, 0.0, 0.0, 0.0, 0.0, 0.0, 0.0, 0.0, 0.0, 0.0, 0.0, 0.0, 0.0, 0.0, 0.0, 0.0, 0.0, 0.0, 0.0, 0.0, 0.0, 0.0]}, "gradients/graph_1conv1.bias": {"_type": "histogram", "values": [0.0, 0.0, 0.0, 0.0, 0.0, 0.0, 0.0, 0.0, 0.0, 0.0, 0.0, 0.0, 0.0, 0.0, 0.0, 0.0, 0.0, 0.0, 0.0, 0.0, 0.0, 0.0, 0.0, 0.0, 0.0, 0.0, 0.0, 0.0, 0.0, 0.0, 0.0, 0.0, 10.0, 0.0, 0.0, 0.0, 0.0, 0.0, 0.0, 0.0, 0.0, 0.0, 0.0, 0.0, 0.0, 0.0, 0.0, 0.0, 0.0, 0.0, 0.0, 0.0, 0.0, 0.0, 0.0, 0.0, 0.0, 0.0, 0.0, 0.0, 0.0, 0.0, 0.0, 0.0], "bins": [0.0, 0.0, 0.0, 0.0, 0.0, 0.0, 0.0, 0.0, 0.0, 0.0, 0.0, 0.0, 0.0, 0.0, 0.0, 0.0, 0.0, 0.0, 0.0, 0.0, 0.0, 0.0, 0.0, 0.0, 0.0, 0.0, 0.0, 0.0, 0.0, 0.0, 0.0, 0.0, 0.0, 0.0, 0.0, 0.0, 0.0, 0.0, 0.0, 0.0, 0.0, 0.0, 0.0, 0.0, 0.0, 0.0, 0.0, 0.0, 0.0, 0.0, 0.0, 0.0, 0.0, 0.0, 0.0, 0.0, 0.0, 0.0, 0.0, 0.0, 0.0, 0.0, 0.0, 0.0, 0.0]}, "_wandb": {"runtime": 78}}