{"epoch": 21, "train_loss": 0.001743257511407137, "raw_loss": 0.00461770873516798, "wd_0": 0.01, "sqr_mom_0": 0.99, "lr_0": 1.0089538362606412e-10, "mom_0": 0.9499999910460741, "eps_0": 1e-05, "wd_1": 0.01, "sqr_mom_1": 0.99, "lr_1": 1.0089538362504768e-09, "mom_1": 0.9499999910460741, "eps_1": 1e-05, "wd_2": 0.01, "sqr_mom_2": 0.99, "lr_2": 1.0089538362342138e-08, "mom_2": 0.9499999910460741, "eps_2": 1e-05, "_timestamp": 1678717610.067934, "train_samples_per_sec": 1123.4318033012507, "_runtime": 908.9610481262207, "_step": 7874, "valid_loss": 2.2736504077911377, "accuracy": 0.6644999980926514, "Prediction_Samples": {"_type": "table-file", "sha256": "baa12e94fb4adb8582656ebf9b573e7820aa652603a6fb70c4bc600a07780cf1", "size": 969, "artifact_path": "wandb-client-artifact://0sec0lcd73eev6b8ajvfydeupzph994w32xjossfsjb8jfew3cqr0xkgqzndt1g94we0juj709330zbcpgrpzz7v9rcb50y22zjalbhcq1crevn0lz1c26icoobxfrz8:latest/Prediction_Samples.table.json", "_latest_artifact_path": "wandb-client-artifact://0sec0lcd73eev6b8ajvfydeupzph994w32xjossfsjb8jfew3cqr0xkgqzndt1g94we0juj709330zbcpgrpzz7v9rcb50y22zjalbhcq1crevn0lz1c26icoobxfrz8:latest/Prediction_Samples.table.json", "path": "media/table/Prediction_Samples_7874_baa12e94fb4adb858265.table.json", "ncols": 3, "nrows": 36}}