{"Test epoch_loss": 1.683512922525406, "Test accuracy": 0.5101333260536194, "Test recall": 0.5033934458018228, "Test precision": 0.6999191156645996, "BH accuracy": 0.3244526510155632, "SPH accuracy": 0.6999191156645996, "_timestamp": 1679990638.6673355, "_runtime": 2.466623544692993, "_step": 0}