{"Train epoch_loss": 26.024444444444445, "Test epoch_loss": 25.633333333333333, "Train accuracy": 0.5090222358703613, "Test accuracy": 0.4997333288192749, "Test recall": 0.49708158001900365, "Test precision": 0.9873281207872742, "BH accuracy": 0.022685307306779215, "SPH accuracy": 0.9873281207872742, "_timestamp": 1679420517.8992345, "_runtime": 86.98408150672913, "_step": 9, "parameters/graph_1conv1.weight": {"_type": "histogram", "values": [9.0, 5.0, 13.0, 4.0, 7.0, 7.0, 7.0, 7.0, 7.0, 4.0, 2.0, 7.0, 9.0, 8.0, 5.0, 5.0, 6.0, 4.0, 7.0, 15.0, 10.0, 5.0, 9.0, 6.0, 5.0, 8.0, 5.0, 3.0, 8.0, 5.0, 5.0, 11.0, 2.0, 8.0, 6.0, 6.0, 6.0, 8.0, 4.0, 5.0, 6.0, 4.0, 3.0, 9.0, 7.0, 5.0, 5.0, 3.0, 8.0, 11.0, 7.0, 4.0, 3.0, 10.0, 11.0, 4.0, 4.0, 9.0, 9.0, 7.0, 11.0, 9.0, 9.0, 11.0], "bins": [-0.1920805424451828, -0.18607701361179352, -0.18007348477840424, -0.17406995594501495, -0.16806642711162567, -0.1620628982782364, -0.1560593694448471, -0.15005584061145782, -0.14405231177806854, -0.13804878294467926, -0.13204525411128998, -0.1260417252779007, -0.12003819644451141, -0.11403466761112213, -0.10803113877773285, -0.10202760994434357, -0.09602408856153488, -0.0900205597281456, -0.08401703089475632, -0.07801350206136703, -0.07200997322797775, -0.06600644439458847, -0.06000291928648949, -0.053999390453100204, -0.04799586534500122, -0.04199233651161194, -0.035988807678222656, -0.029985280707478523, -0.02398175187408924, -0.01797822304069996, -0.011974696069955826, -0.005971167236566544, 3.236532211303711e-05, 0.006035893689841032, 0.012039422057569027, 0.018042949959635735, 0.024046478793025017, 0.0300500076264143, 0.03605353459715843, 0.042057063430547714, 0.048060595989227295, 0.05406412482261658, 0.06006765365600586, 0.06607118248939514, 0.07207471132278442, 0.0780782401561737, 0.08408176898956299, 0.09008529782295227, 0.09608881920576096, 0.10209234803915024, 0.10809587687253952, 0.1140994057059288, 0.12010293453931808, 0.12610645592212677, 0.13210998475551605, 0.13811351358890533, 0.14411704242229462, 0.1501205712556839, 0.15612410008907318, 0.16212762892246246, 0.16813115775585175, 0.17413468658924103, 0.1801382154226303, 0.1861417442560196, 0.19214527308940887]}, "parameters/graph_1conv1.bias": {"_type": "histogram", "values": [1.0, 0.0, 0.0, 0.0, 0.0, 0.0, 0.0, 1.0, 0.0, 0.0, 0.0, 1.0, 0.0, 0.0, 1.0, 0.0, 0.0, 0.0, 0.0, 0.0, 0.0, 0.0, 1.0, 1.0, 0.0, 0.0, 0.0, 0.0, 0.0, 1.0, 0.0, 1.0, 0.0, 0.0, 0.0, 0.0, 1.0, 0.0, 0.0, 0.0, 0.0, 1.0, 0.0, 1.0, 0.0, 0.0, 0.0, 0.0, 0.0, 0.0, 0.0, 0.0, 0.0, 0.0, 0.0, 0.0, 1.0, 2.0, 0.0, 0.0, 0.0, 1.0, 0.0, 1.0], "bins": [-0.1879110038280487, -0.18198531866073608, -0.17605963349342346, -0.17013394832611084, -0.1642082780599594, -0.1582825928926468, -0.15235690772533417, -0.14643122255802155, -0.14050555229187012, -0.1345798671245575, -0.12865418195724487, -0.12272850424051285, -0.11680282652378082, -0.1108771413564682, -0.10495145618915558, -0.09902577102184296, -0.09310008585453033, -0.08717440068721771, -0.08124872297048569, -0.07532303780317307, -0.06939736008644104, -0.06347167491912842, -0.057545989751815796, -0.05162030830979347, -0.04569461941719055, -0.03976893797516823, -0.033843256533145905, -0.027917571365833282, -0.02199188992381096, -0.016066208481788635, -0.010140523314476013, -0.00421484187245369, 0.0017108172178268433, 0.0076364995911717415, 0.01356218196451664, 0.019487865269184113, 0.025413546711206436, 0.03133922815322876, 0.03726491332054138, 0.043190594762563705, 0.04911626875400543, 0.055041950196027756, 0.06096763163805008, 0.0668933168053627, 0.07281899452209473, 0.07874467968940735, 0.08467036485671997, 0.09059605002403259, 0.09652173519134521, 0.10244742035865784, 0.10837309807538986, 0.11429878324270248, 0.12022446095943451, 0.12615014612674713, 0.13207583129405975, 0.13800151646137238, 0.1439271867275238, 0.14985287189483643, 0.15577855706214905, 0.16170424222946167, 0.1676299124956131, 0.17355559766292572, 0.17948128283023834, 0.18540696799755096, 0.1913326531648636]}, "parameters/graph_1conv2.weight": {"_type": "histogram", "values": [146.0, 146.0, 141.0, 136.0, 138.0, 129.0, 148.0, 155.0, 151.0, 143.0, 135.0, 145.0, 149.0, 168.0, 143.0, 142.0, 155.0, 128.0, 150.0, 132.0, 131.0, 136.0, 145.0, 147.0, 133.0, 124.0, 142.0, 151.0, 155.0, 155.0, 139.0, 150.0, 136.0, 148.0, 134.0, 136.0, 142.0, 128.0, 135.0, 142.0, 151.0, 132.0, 155.0, 139.0, 146.0, 145.0, 130.0, 143.0, 154.0, 164.0, 153.0, 144.0, 147.0, 128.0, 146.0, 161.0, 165.0, 141.0, 139.0, 152.0, 155.0, 141.0, 155.0, 141.0], "bins": [-0.08332489430904388, -0.08072099089622498, -0.07811708003282547, -0.07551317662000656, -0.07290926575660706, -0.07030536234378815, -0.06770145893096924, -0.06509755551815033, -0.062493644654750824, -0.05988973751664162, -0.05728583037853241, -0.0546819269657135, -0.052078019827604294, -0.04947411268949509, -0.04687020927667618, -0.04426630213856697, -0.041662395000457764, -0.039058487862348557, -0.03645458072423935, -0.03385067731142044, -0.031246770173311234, -0.028642863035202026, -0.02603895775973797, -0.02343505248427391, -0.020831145346164703, -0.018227238208055496, -0.015623332932591438, -0.013019426725804806, -0.010415520519018173, -0.007811614312231541, -0.005207708105444908, -0.0026038028299808502, 9.685754776000977e-08, 0.0026040030643343925, 0.005207909271121025, 0.007811815477907658, 0.01041572168469429, 0.013019627891480923, 0.015623534098267555, 0.018227439373731613, 0.02083134651184082, 0.023435253649950027, 0.026039158925414085, 0.028643064200878143, 0.03124697133898735, 0.03385087847709656, 0.036454781889915466, 0.03905868902802467, 0.04166259616613388, 0.04426650330424309, 0.046870410442352295, 0.049474313855171204, 0.05207822099328041, 0.05468212813138962, 0.05728603154420853, 0.059889938682317734, 0.06249384582042694, 0.06509774923324585, 0.06770166009664536, 0.07030556350946426, 0.07290947437286377, 0.07551337778568268, 0.07811728119850159, 0.0807211846113205, 0.08332509547472]}, "parameters/graph_1conv2.bias": {"_type": "histogram", "values": [3.0, 3.0, 0.0, 2.0, 0.0, 2.0, 0.0, 1.0, 0.0, 0.0, 1.0, 0.0, 0.0, 1.0, 1.0, 2.0, 2.0, 0.0, 1.0, 0.0, 1.0, 3.0, 0.0, 1.0, 1.0, 1.0, 1.0, 1.0, 0.0, 0.0, 1.0, 2.0, 1.0, 0.0, 1.0, 0.0, 2.0, 1.0, 4.0, 1.0, 0.0, 0.0, 2.0, 0.0, 1.0, 0.0, 0.0, 0.0, 0.0, 0.0, 1.0, 2.0, 0.0, 4.0, 1.0, 0.0, 1.0, 1.0, 3.0, 0.0, 1.0, 2.0, 1.0, 3.0], "bins": [-0.0824538990855217, -0.07988938689231873, -0.07732486724853516, -0.07476035505533218, -0.07219584286212921, -0.06963133066892624, -0.06706681847572327, -0.0645022988319397, -0.061937786638736725, -0.05937327444553375, -0.05680875852704048, -0.05424424260854721, -0.05167973041534424, -0.049115218222141266, -0.046550702303647995, -0.043986186385154724, -0.04142167419195175, -0.03885716199874878, -0.03629264608025551, -0.03372813016176224, -0.031163617968559265, -0.028599103912711143, -0.026034589856863022, -0.0234700758010149, -0.02090556174516678, -0.018341047689318657, -0.015776533633470535, -0.013212019577622414, -0.010647505521774292, -0.00808299146592617, -0.005518477410078049, -0.002953963354229927, -0.0003894492983818054, 0.0021750647574663162, 0.004739578813314438, 0.0073040928691625595, 0.009868606925010681, 0.012433120980858803, 0.014997635036706924, 0.017562149092555046, 0.020126663148403168, 0.02269117720425129, 0.02525569126009941, 0.027820205315947533, 0.030384719371795654, 0.03294923156499863, 0.0355137474834919, 0.03807826340198517, 0.04064277559518814, 0.04320728778839111, 0.045771803706884384, 0.048336319625377655, 0.05090083181858063, 0.0534653440117836, 0.05602985993027687, 0.05859437584877014, 0.061158888041973114, 0.06372340023517609, 0.06628791987895966, 0.06885243207216263, 0.0714169442653656, 0.07398145645856857, 0.07654596865177155, 0.07911048829555511, 0.08167500048875809]}, "parameters/graph_1conv3.weight": {"_type": "histogram",