{"Train epoch_loss": 0.6585777831077576, "Test epoch_loss": 0.6582666697104772, "Train accuracy": 0.49808889627456665, "Test accuracy": 0.505466639995575, "Test recall": 0.0, "Test precision": 0.0, "BH accuracy": 1.0, "SPH accuracy": 0.0, "_timestamp": 1679480874.618093, "_runtime": 21.286930084228516, "_step": 2, "parameters/conv1.weight": {"_type": "histogram", "values": [13.0, 4.0, 9.0, 5.0, 8.0, 2.0, 5.0, 12.0, 4.0, 7.0, 7.0, 6.0, 6.0, 9.0, 10.0, 4.0, 6.0, 9.0, 8.0, 4.0, 6.0, 10.0, 6.0, 5.0, 9.0, 6.0, 6.0, 7.0, 5.0, 8.0, 7.0, 8.0, 5.0, 7.0, 8.0, 10.0, 10.0, 5.0, 5.0, 5.0, 6.0, 9.0, 7.0, 2.0, 7.0, 7.0, 8.0, 7.0, 10.0, 6.0, 5.0, 4.0, 10.0, 6.0, 10.0, 2.0, 6.0, 9.0, 7.0, 9.0, 3.0, 5.0, 5.0, 6.0], "bins": [-0.19063681364059448, -0.18465650081634521, -0.17867618799209595, -0.17269587516784668, -0.1667155623435974, -0.16073526442050934, -0.15475495159626007, -0.1487746387720108, -0.14279432594776154, -0.13681401312351227, -0.130833700299263, -0.12485339492559433, -0.11887308210134506, -0.1128927692770958, -0.10691246390342712, -0.10093215107917786, -0.09495183825492859, -0.08897152543067932, -0.08299121260643005, -0.07701090723276138, -0.07103059440851212, -0.06505028158426285, -0.05906997248530388, -0.05308966338634491, -0.04710935056209564, -0.041129037737846375, -0.035148728638887405, -0.029168417677283287, -0.02318810671567917, -0.01720779575407505, -0.011227484792470932, -0.005247175693511963, 0.0007331222295761108, 0.006713433191180229, 0.012693744152784348, 0.018674055114388466, 0.024654366075992584, 0.030634677037596703, 0.03661498799920082, 0.04259529709815979, 0.04857560992240906, 0.054555922746658325, 0.060536231845617294, 0.06651654094457626, 0.07249685376882553, 0.0784771665930748, 0.08445747196674347, 0.09043778479099274, 0.096418097615242, 0.10239841043949127, 0.10837872326374054, 0.11435902863740921, 0.12033934146165848, 0.12631964683532715, 0.13229995965957642, 0.13828027248382568, 0.14426058530807495, 0.15024089813232422, 0.1562212109565735, 0.16220152378082275, 0.16818183660507202, 0.1741621345281601, 0.18014244735240936, 0.18612276017665863, 0.1921030730009079]}, "parameters/conv1.bias": {"_type": "histogram", "values": [3.0, 0.0, 1.0, 0.0, 0.0, 0.0, 0.0, 0.0, 0.0, 0.0, 1.0, 0.0, 0.0, 0.0, 0.0, 0.0, 0.0, 0.0, 0.0, 0.0, 2.0, 0.0, 0.0, 0.0, 0.0, 1.0, 0.0, 0.0, 0.0, 2.0, 0.0, 0.0, 1.0, 0.0, 0.0, 0.0, 0.0, 0.0, 0.0, 1.0, 1.0, 0.0, 0.0, 0.0, 0.0, 1.0, 0.0, 0.0, 1.0, 0.0, 0.0, 0.0, 0.0, 0.0, 0.0, 0.0, 0.0, 0.0, 0.0, 0.0, 0.0, 0.0, 0.0, 1.0], "bins": [-0.18597842752933502, -0.1805790215730667, -0.1751796305179596, -0.16978022456169128, -0.16438081860542297, -0.15898141264915466, -0.15358200669288635, -0.14818261563777924, -0.14278320968151093, -0.13738380372524261, -0.1319844126701355, -0.1265850067138672, -0.12118560075759888, -0.11578619480133057, -0.11038679629564285, -0.10498739778995514, -0.09958799183368683, -0.09418858587741852, -0.0887891873717308, -0.08338978886604309, -0.07799038290977478, -0.07259097695350647, -0.06719157844781876, -0.061792176216840744, -0.05639277398586273, -0.05099337175488472, -0.04559396952390671, -0.040194567292928696, -0.034795165061950684, -0.02939576283097267, -0.02399636059999466, -0.018596958369016647, -0.013197556138038635, -0.007798153907060623, -0.002398751676082611, 0.003000650554895401, 0.008400052785873413, 0.013799455016851425, 0.019198857247829437, 0.02459825947880745, 0.02999766170978546, 0.035397063940763474, 0.040796466171741486, 0.0461958684027195, 0.05159527063369751, 0.05699467286467552, 0.062394075095653534, 0.06779347360134125, 0.07319287955760956, 0.07859228551387787, 0.08399168401956558, 0.0893910825252533, 0.0947904884815216, 0.10018989443778992, 0.10558929294347763, 0.11098869144916534, 0.11638809740543365, 0.12178750336170197, 0.12718689441680908, 0.1325863003730774, 0.1379857063293457, 0.143385112285614, 0.14878451824188232, 0.15418390929698944, 0.15958331525325775]}, "parameters/conv2.weight": {"_type": "histogram", "values": [173.0, 146.0, 151.0, 155.0, 145.0, 140.0, 162.0, 159.0, 134.0, 155.0, 142.0, 136.0, 146.0, 148.0, 148.0, 134.0, 129.0, 142.0, 167.0, 140.0, 150.0, 128.0, 162.0, 138.0, 136.0, 138.0, 127.0, 137.0, 136.0, 125.0, 160.0, 153.0, 149.0, 152.0, 145.0, 138.0, 143.0, 163.0, 154.0, 158.0, 132.0, 154.0, 132.0, 127.0, 147.0, 145.0, 142.0, 122.0, 131.0, 144.0, 159.0, 132.0, 147.0, 159.0, 153.0, 139.0, 146.0, 150.0, 134.0, 129.0, 150.0, 141.0, 134.0, 123.0], "bins": [-0.0833120346069336, -0.08070828020572662, -0.07810452580451965, -0.07550076395273209, -0.07289700955152512, -0.07029325515031815, -0.06768949329853058, -0.06508573889732361, -0.06248198449611664, -0.05987823009490967, -0.0572744719684124, -0.05467071384191513, -0.05206695944070816, -0.04946320503950119, -0.04685944691300392, -0.04425568878650665, -0.04165193438529968, -0.03904817998409271, -0.036444421857595444, -0.033840663731098175, -0.031236909329891205, -0.028633153066039085, -0.026029396802186966, -0.023425640538334846, -0.020821884274482727, -0.018218128010630608, -0.015614371746778488, -0.013010615482926369, -0.01040685921907425, -0.00780310295522213, -0.00519934669137001, -0.002595590427517891, 8.17328691482544e-06, 0.002611929550766945, 0.005215685814619064, 0.007819442078471184, 0.010423198342323303, 0.013026954606175423, 0.015630710870027542, 0.01823446713387966, 0.02083822339773178, 0.0234419796615839, 0.02604573592543602, 0.02864949218928814, 0.03125324845314026, 0.03385700285434723, 0.0364607609808445, 0.039064519107341766, 0.04166827350854874, 0.04427202790975571, 0.046875786036252975, 0.049479544162750244, 0.052083298563957214, 0.054687052965164185, 0.05729081109166145, 0.05989456921815872, 0.06249832361936569, 0.06510207802057266, 0.06770583987236023, 0.0703095942735672, 0.07291334867477417, 0.07551710307598114, 0.07812085747718811, 0.08072461932897568, 0.08332837373018265]}, "parameters/conv2.bias": {"_type": "histogram", "values": [1.0, 1.0, 3.0, 0.0, 2.0, 1.0, 0.0, 2.0, 0.0, 1.0, 2.0, 0.0, 0.0, 0.0, 0.0, 2.0, 0.0, 2.0, 0.0, 2.0, 2.0, 0.0, 1.0, 1.0, 2.0, 1.0, 1.0, 1.0, 0.0, 1.0, 0.0, 2.0, 1.0, 1.0, 2.0, 2.0, 4.0, 1.0, 0.0, 0.0, 3.0, 1.0, 0.0, 1.0, 0.0, 1.0, 0.0, 3.0, 1.0, 1.0, 0.0, 2.0, 1.0, 0.0, 3.0, 0.0, 0.0, 1.0, 0.0, 0.0, 1.0, 0.0, 2.0, 1.0], "bins": [-0.08073129504919052, -0.07821004837751389, -0.07568879425525665, -0.07316754758358002, -0.07064630091190338, -0.06812504678964615, -0.06560380011796951, -0.06308254599571228, -0.060561299324035645, -0.05804004892706871, -0.055518802255392075, -0.05299755185842514, -0.050476301461458206, -0.04795505106449127, -0.045433804392814636, -0.0429125539958477, -0.040391307324171066, -0.03787005692720413, -0.035348810255527496, -0.03282755985856056, -0.030306309461593628, -0.027785060927271843, -0.025263812392950058, -0.022742561995983124, -0.020221315324306488, -0.017700066789984703, -0.015178816393017769, -0.012657567858695984, -0.010136318393051624, -0.007615068927407265, -0.00509382039308548, -0.0025725699961185455, -5.131959915161133e-05, 0.0024699296336621046, 0.0049911788664758205, 0.007512427866458893, 0.010033677332103252, 0.012554926797747612, 0.015076175332069397, 0.01759742572903633, 0.020118676126003265, 0.02263992466032505, 0.025161175057291985, 0.02768242359161377, 0.030203673988580704, 0.03272492438554764, 0.035246171057224274, 0.03776742145419121, 0.040288668125867844, 0.04280991852283478, 0.045331165194511414, 0.04785241559147835, 0.05037366598844528, 0.05289491266012192, 0.05541616305708885, 0.057937413454055786, 0.06045866012573242, 0.06297990679740906, 0.06550116091966629, 0.06802240759134293, 0.07054365426301956, 0.0730649083852768, 0.07558615505695343, 0.07810740172863007, 0.0806286558508873]}, "parameters/conv3.weight": {"_type": "histogram",