{"Test epoch_loss": 0.5345333333333333, "Test accuracy": 0.4975999891757965, "Test recall": 0.33519553072625696, "Test precision": 0.016176867080075492, "BH accuracy": 0.968609865470852, "SPH accuracy": 0.016176867080075492, "_timestamp": 1679527379.0402658, "_runtime": 40.68027877807617, "_step": 2, "Train epoch_loss": 0.48, "Train accuracy": 0.48911112546920776, "parameters/graph_1conv1.weight": {"_type": "histogram", "values": [5.0, 4.0, 7.0, 8.0, 3.0, 11.0, 8.0, 5.0, 5.0, 4.0, 8.0, 6.0, 4.0, 8.0, 9.0, 3.0, 6.0, 9.0, 13.0, 8.0, 8.0, 7.0, 9.0, 6.0, 7.0, 6.0, 10.0, 4.0, 7.0, 6.0, 9.0, 5.0, 9.0, 9.0, 10.0, 8.0, 7.0, 5.0, 9.0, 6.0, 4.0, 5.0, 5.0, 6.0, 3.0, 7.0, 5.0, 5.0, 7.0, 7.0, 5.0, 8.0, 3.0, 7.0, 8.0, 10.0, 10.0, 5.0, 8.0, 6.0, 6.0, 9.0, 9.0, 3.0], "bins": [-0.18854720890522003, -0.18260759115219116, -0.1766679584980011, -0.17072834074497223, -0.16478870809078217, -0.1588490903377533, -0.15290945768356323, -0.14696983993053436, -0.1410302221775055, -0.13509060442447662, -0.12915097177028656, -0.12321135401725769, -0.11727172136306763, -0.11133210361003876, -0.10539247840642929, -0.09945285320281982, -0.09351322054862976, -0.0875735953450203, -0.08163397014141083, -0.07569435238838196, -0.0697547197341919, -0.06381510198116302, -0.05787547677755356, -0.05193585157394409, -0.04599623382091522, -0.040056608617305756, -0.03411698341369629, -0.02817736193537712, -0.022237736731767654, -0.016298111528158188, -0.01035849004983902, -0.004418864846229553, 0.0015207678079605103, 0.007460392080247402, 0.013400016352534294, 0.01933963969349861, 0.025279264897108078, 0.031218890100717545, 0.03715851157903671, 0.04309813678264618, 0.04903776943683624, 0.05497739464044571, 0.060917019844055176, 0.06685663759708405, 0.07279627025127411, 0.07873588800430298, 0.08467551320791245, 0.09061513841152191, 0.09655475616455078, 0.10249438136816025, 0.10843400657176971, 0.11437362432479858, 0.12031325697898865, 0.12625287473201752, 0.1321924924850464, 0.13813212513923645, 0.1440717577934265, 0.15001137554645538, 0.15595100820064545, 0.16189062595367432, 0.16783025860786438, 0.17376987636089325, 0.17970949411392212, 0.18564912676811218, 0.19158874452114105]}, "parameters/graph_1conv1.bias": {"_type": "histogram", "values": [1.0, 0.0, 0.0, 0.0, 0.0, 1.0, 0.0, 3.0, 0.0, 0.0, 0.0, 0.0, 0.0, 0.0, 0.0, 1.0, 0.0, 0.0, 0.0, 0.0, 0.0, 0.0, 0.0, 0.0, 0.0, 0.0, 0.0, 0.0, 1.0, 0.0, 0.0, 1.0, 0.0, 0.0, 1.0, 0.0, 1.0, 0.0, 0.0, 1.0, 0.0, 0.0, 0.0, 0.0, 0.0, 0.0, 0.0, 0.0, 1.0, 0.0, 0.0, 0.0, 0.0, 0.0, 0.0, 1.0, 0.0, 1.0, 0.0, 0.0, 0.0, 0.0, 1.0, 1.0], "bins": [-0.18868105113506317, -0.18287983536720276, -0.17707863450050354, -0.17127741873264313, -0.16547620296478271, -0.1596749871969223, -0.15387378633022308, -0.14807257056236267, -0.14227135479450226, -0.13647013902664185, -0.13066893815994263, -0.12486772239208221, -0.1190665066242218, -0.11326529830694199, -0.10746408998966217, -0.10166287422180176, -0.09586166590452194, -0.09006045758724213, -0.08425924181938171, -0.0784580335021019, -0.07265681773424149, -0.06685560941696167, -0.061054397374391556, -0.05525318533182144, -0.049451977014541626, -0.04365076497197151, -0.0378495529294014, -0.03204834461212158, -0.02624713070690632, -0.020445918664336205, -0.01464470848441124, -0.008843496441841125, -0.003042280673980713, 0.002758930902928114, 0.00856014247983694, 0.01436135359108448, 0.020162565633654594, 0.02596377767622471, 0.03176498785614967, 0.03756619989871979, 0.0433674156665802, 0.049168627709150314, 0.05496983975172043, 0.060771048069000244, 0.06657226383686066, 0.07237347215414047, 0.07817468047142029, 0.0839758962392807, 0.08977710455656052, 0.09557831287384033, 0.10137952864170074, 0.10718073695898056, 0.11298195272684097, 0.11878316104412079, 0.1245843768119812, 0.13038557767868042, 0.13618679344654083, 0.14198800921440125, 0.14778921008110046, 0.15359042584896088, 0.1593916416168213, 0.1651928573846817, 0.17099405825138092, 0.17679527401924133, 0.18259648978710175]}, "parameters/graph_1conv2.weight": {"_type": "histogram", "values": [150.0, 136.0, 134.0, 142.0, 143.0, 128.0, 139.0, 147.0, 152.0, 149.0, 147.0, 167.0, 152.0, 152.0, 164.0, 135.0, 127.0, 138.0, 128.0, 134.0, 129.0, 160.0, 138.0, 141.0, 136.0, 150.0, 149.0, 129.0, 154.0, 155.0, 154.0, 131.0, 139.0, 166.0, 141.0, 117.0, 144.0, 146.0, 142.0, 147.0, 145.0, 157.0, 150.0, 141.0, 165.0, 132.0, 152.0, 145.0, 148.0, 143.0, 156.0, 156.0, 129.0, 146.0, 145.0, 125.0, 148.0, 146.0, 153.0, 117.0, 155.0, 135.0, 145.0, 150.0], "bins": [-0.08329260349273682, -0.08068937808275223, -0.07808615267276764, -0.07548292726278305, -0.07287970185279846, -0.07027647644281387, -0.06767325103282928, -0.0650700181722641, -0.06246679648756981, -0.05986357107758522, -0.05726034566760063, -0.05465712025761604, -0.052053891122341156, -0.04945066571235657, -0.04684744030237198, -0.04424421489238739, -0.0416409894824028, -0.03903776407241821, -0.036434538662433624, -0.033831313252449036, -0.031228085979819298, -0.02862486056983471, -0.02602163329720497, -0.023418407887220383, -0.020815182477235794, -0.018211957067251205, -0.015608730725944042, -0.013005504384636879, -0.01040227897465229, -0.007799053564667702, -0.0051958272233605385, -0.0025926008820533752, 1.0617077350616455e-05, 0.0026138429529964924, 0.005217068828642368, 0.007820295169949532, 0.01042352057993412, 0.013026745989918709, 0.015629973262548447, 0.018233198672533035, 0.020836424082517624, 0.023439649492502213, 0.0260428749024868, 0.02864610217511654, 0.031249327585101128, 0.033852554857730865, 0.036455780267715454, 0.03905900567770004, 0.04166223108768463, 0.04426545649766922, 0.04686868190765381, 0.0494719073176384, 0.052075132727622986, 0.054678358137607574, 0.05728158727288246, 0.05988481268286705, 0.06248803809285164, 0.06509126722812653, 0.06769449263811111, 0.0702977180480957, 0.07290094345808029, 0.07550416886806488, 0.07810739427804947, 0.08071061968803406, 0.08331384509801865]}, "parameters/graph_1conv2.bias": {"_type": "histogram", "values": [2.0, 1.0, 0.0, 1.0, 3.0, 0.0, 3.0, 0.0, 1.0, 1.0, 2.0, 1.0, 0.0, 0.0, 1.0, 2.0, 0.0, 1.0, 0.0, 1.0, 1.0, 0.0, 1.0, 1.0, 2.0, 1.0, 2.0, 0.0, 1.0, 0.0, 1.0, 3.0, 1.0, 1.0, 3.0, 0.0, 1.0, 0.0, 3.0, 0.0, 1.0, 1.0, 0.0, 2.0, 1.0, 1.0, 0.0, 1.0, 2.0, 3.0, 1.0, 0.0, 2.0, 1.0, 0.0, 1.0, 0.0, 0.0, 1.0, 0.0, 1.0, 1.0, 1.0, 1.0], "bins": [-0.08276070654392242, -0.08017880469560623, -0.07759689539670944, -0.07501499354839325, -0.07243309170007706, -0.06985118985176086, -0.06726928055286407, -0.06468737870454788, -0.06210547313094139, -0.0595235675573349, -0.05694166570901871, -0.054359760135412216, -0.051777854561805725, -0.04919595271348953, -0.04661404713988304, -0.04403214156627655, -0.04145023971796036, -0.03886833414435387, -0.036286432296037674, -0.03370452672243118, -0.03112262301146984, -0.0285407193005085, -0.025958813726902008, -0.023376910015940666, -0.020795006304979324, -0.018213102594017982, -0.01563119888305664, -0.01304929330945015, -0.010467389598488808, -0.007885485887527466, -0.005303581245243549, -0.002721676602959633, -0.00013978034257888794, 0.0024421238340437412, 0.00502402801066637, 0.0076059321872889996, 0.010187836363911629, 0.01276974007487297, 0.015351644717156887, 0.017933549359440804, 0.020515453070402145, 0.023097356781363487, 0.02567926049232483, 0.02826116606593132, 0.030843069776892662, 0.033424973487854004, 0.036006879061460495, 0.038588784635066986, 0.04117068648338318, 0.04375259205698967, 0.04633449390530586, 0.048916399478912354, 0.051498301327228546, 0.05408020690083504, 0.05666211247444153, 0.05924401432275772, 0.06182591989636421, 0.0644078254699707, 0.0669897273182869, 0.06957162916660309, 0.07215353846549988, 0.07473544031381607, 0.07731734216213226, 0.07989925146102905, 0.08248115330934525]}, "parameters/graph_1conv3.weight": {"_type": "histogram",