{"epoch": 5.826666666666576, "train_loss": 0.06862235069274902, "raw_loss": 0.050136931240558624, "wd_0": 0.01, "sqr_mom_0": 0.99, "lr_0": 6.236169719333686e-08, "mom_0": 0.9493773768018346, "eps_0": 1e-05, "wd_1": 0.01, "sqr_mom_1": 0.99, "lr_1": 6.236169719333652e-07, "mom_1": 0.9493773768018346, "eps_1": 1e-05, "wd_2": 0.01, "sqr_mom_2": 0.99, "lr_2": 6.236169719333598e-06, "mom_2": 0.9493773768018346, "eps_2": 1e-05, "_timestamp": 1678716311.3635874, "train_samples_per_sec": 1103.455885902348, "_runtime": 253.8929364681244, "_step": 2184, "valid_loss": 0.8612234592437744, "accuracy": 0.6518333554267883, "Prediction_Samples": {"_type": "table-file", "sha256": "a56b8a22d9765d80b4e13d296ece459ebad4656fe5924c96b3bc9eaddcdd09ab", "size": 969, "artifact_path": "wandb-client-artifact://tjjvy09bsp5yc5o4jorxefscw1h2n9ule2ynpwdeoj3ini9we46z5cge2n9jwiqgali6o4hsj0rczkkldlhy95dmfufezt65a1cbt8sdjge9399190ysblgz9srera4r:latest/Prediction_Samples.table.json", "_latest_artifact_path": "wandb-client-artifact://tjjvy09bsp5yc5o4jorxefscw1h2n9ule2ynpwdeoj3ini9we46z5cge2n9jwiqgali6o4hsj0rczkkldlhy95dmfufezt65a1cbt8sdjge9399190ysblgz9srera4r:latest/Prediction_Samples.table.json", "path": "media/table/Prediction_Samples_374_a56b8a22d9765d80b4e1.table.json", "ncols": 3, "nrows": 36}}