{"Train epoch_loss": 0.8819555514388614, "Test epoch_loss": 0.8767999943097432, "Train accuracy": 0.5077333450317383, "Test accuracy": 0.5052000284194946, "Test recall": 0.49955555555555553, "Test precision": 0.3030466433000809, "BH accuracy": 0.7029807438670536, "SPH accuracy": 0.3030466433000809, "_timestamp": 1679484641.4025366, "_runtime": 64.86940860748291, "_step": 9, "parameters/graph_1conv1.weight": {"_type": "histogram", "values": [6.0, 10.0, 3.0, 8.0, 3.0, 5.0, 5.0, 5.0, 5.0, 8.0, 5.0, 4.0, 6.0, 8.0, 6.0, 6.0, 10.0, 5.0, 7.0, 9.0, 6.0, 8.0, 8.0, 8.0, 3.0, 3.0, 5.0, 10.0, 3.0, 6.0, 6.0, 4.0, 9.0, 6.0, 5.0, 5.0, 6.0, 14.0, 9.0, 6.0, 8.0, 18.0, 7.0, 4.0, 10.0, 8.0, 8.0, 5.0, 4.0, 2.0, 8.0, 7.0, 10.0, 10.0, 7.0, 6.0, 8.0, 7.0, 8.0, 7.0, 8.0, 7.0, 2.0, 9.0], "bins": [-0.19164490699768066, -0.1856459528207779, -0.17964698374271393, -0.17364802956581116, -0.1676490604877472, -0.16165010631084442, -0.15565115213394165, -0.14965218305587769, -0.14365322887897491, -0.13765427470207214, -0.13165530562400818, -0.1256563514471054, -0.11965738981962204, -0.11365842819213867, -0.1076594740152359, -0.10166051238775253, -0.09566155076026917, -0.0896625891327858, -0.08366362750530243, -0.07766467332839966, -0.07166571170091629, -0.06566675007343292, -0.05966779217123985, -0.05366883426904678, -0.047669872641563416, -0.04167091101408005, -0.03567195311188698, -0.02967299334704876, -0.02367403358221054, -0.017675073817372322, -0.011676114052534103, -0.005677156150341034, 0.00032179057598114014, 0.006320750340819359, 0.012319710105657578, 0.018318669870495796, 0.024317629635334015, 0.030316589400172234, 0.03631554916501045, 0.04231450706720352, 0.04831346869468689, 0.05431243032217026, 0.06031138822436333, 0.0663103461265564, 0.07230930775403976, 0.07830826938152313, 0.0843072235584259, 0.09030618518590927, 0.09630514681339264, 0.10230410844087601, 0.10830307006835938, 0.11430202424526215, 0.12030098587274551, 0.12629994750022888, 0.13229890167713165, 0.13829785585403442, 0.1442968249320984, 0.15029577910900116, 0.15629474818706512, 0.1622937023639679, 0.16829267144203186, 0.17429162561893463, 0.1802905797958374, 0.18628954887390137, 0.19228850305080414]}, "parameters/graph_1conv1.bias": {"_type": "histogram", "values": [1.0, 0.0, 1.0, 0.0, 0.0, 0.0, 0.0, 0.0, 0.0, 0.0, 0.0, 0.0, 0.0, 0.0, 0.0, 0.0, 0.0, 0.0, 0.0, 0.0, 0.0, 0.0, 1.0, 1.0, 0.0, 0.0, 0.0, 0.0, 0.0, 0.0, 1.0, 0.0, 1.0, 1.0, 0.0, 1.0, 0.0, 0.0, 1.0, 0.0, 0.0, 0.0, 1.0, 1.0, 0.0, 0.0, 1.0, 1.0, 0.0, 0.0, 0.0, 0.0, 0.0, 0.0, 0.0, 1.0, 0.0, 0.0, 0.0, 0.0, 0.0, 1.0, 0.0, 1.0], "bins": [-0.185732901096344, -0.17988142371177673, -0.17402996122837067, -0.1681784838438034, -0.16232702136039734, -0.15647554397583008, -0.15062406659126282, -0.14477258920669556, -0.1389211267232895, -0.13306964933872223, -0.12721818685531616, -0.1213667094707489, -0.11551523953676224, -0.10966376960277557, -0.10381229221820831, -0.09796082228422165, -0.09210935235023499, -0.08625788241624832, -0.08040641248226166, -0.0745549350976944, -0.06870346516370773, -0.06285199522972107, -0.05700052157044411, -0.051149047911167145, -0.04529757797718048, -0.03944610804319382, -0.033594634383916855, -0.027743162587285042, -0.02189169079065323, -0.016040218994021416, -0.010188747197389603, -0.00433727353811264, 0.0015142112970352173, 0.00736568309366703, 0.013217154890298843, 0.019068626686930656, 0.02492009848356247, 0.030771570280194283, 0.036623042076826096, 0.04247451573610306, 0.04832598567008972, 0.054177455604076385, 0.06002892926335335, 0.06588040292263031, 0.07173187285661697, 0.07758334279060364, 0.0834348201751709, 0.08928629010915756, 0.09513776004314423, 0.10098922997713089, 0.10684069991111755, 0.11269217729568481, 0.11854364722967148, 0.12439511716365814, 0.1302465945482254, 0.13609805703163147, 0.14194953441619873, 0.147801011800766, 0.15365247428417206, 0.15950395166873932, 0.16535541415214539, 0.17120689153671265, 0.1770583689212799, 0.18290984630584717, 0.18876130878925323]}, "parameters/graph_1conv2.weight": {"_type": "histogram", "values": [151.0, 141.0, 146.0, 138.0, 147.0, 154.0, 163.0, 151.0, 148.0, 154.0, 122.0, 159.0, 137.0, 139.0, 136.0, 132.0, 148.0, 117.0, 150.0, 167.0, 152.0, 138.0, 142.0, 131.0, 140.0, 185.0, 156.0, 105.0, 155.0, 140.0, 115.0, 143.0, 140.0, 155.0, 144.0, 133.0, 147.0, 141.0, 162.0, 140.0, 137.0, 157.0, 163.0, 143.0, 129.0, 150.0, 136.0, 166.0, 167.0, 137.0, 158.0, 137.0, 147.0, 135.0, 146.0, 144.0, 153.0, 130.0, 141.0, 144.0, 131.0, 131.0, 139.0, 131.0], "bins": [-0.08328130096197128, -0.08067799359560013, -0.07807469367980957, -0.07547138631343842, -0.07286808639764786, -0.0702647790312767, -0.06766147911548615, -0.06505817174911499, -0.062454868108034134, -0.05985156446695328, -0.05724826082587242, -0.054644957184791565, -0.05204164981842041, -0.04943834990262985, -0.0468350425362587, -0.04423173889517784, -0.041628435254096985, -0.03902513161301613, -0.03642182797193527, -0.033818524330854416, -0.03121521882712841, -0.028611915186047554, -0.02600860968232155, -0.023405306041240692, -0.020802002400159836, -0.01819869875907898, -0.015595394186675549, -0.012992089614272118, -0.010388785973191261, -0.007785482332110405, -0.005182177759706974, -0.002578873187303543, 2.4430453777313232e-05, 0.002627734560519457, 0.0052310386672616005, 0.007834343239665031, 0.010437646880745888, 0.013040950521826744, 0.01564425602555275, 0.018247559666633606, 0.020850863307714462, 0.02345416694879532, 0.026057470589876175, 0.02866077609360218, 0.031264081597328186, 0.033867381513118744, 0.0364706888794899, 0.039073992520570755, 0.04167729616165161, 0.04428059980273247, 0.046883903443813324, 0.04948720708489418, 0.05209051072597504, 0.05469381809234619, 0.05729712173342705, 0.059900425374507904, 0.06250372529029846, 0.06510703265666962, 0.06771033257246017, 0.07031363993883133, 0.07291693985462189, 0.07552024722099304, 0.0781235471367836, 0.08072685450315475, 0.08333016186952591]}, "parameters/graph_1conv2.bias": {"_type": "histogram", "values": [2.0, 3.0, 1.0, 2.0, 1.0, 1.0, 1.0, 1.0, 0.0, 0.0, 1.0, 1.0, 0.0, 2.0, 1.0, 2.0, 1.0, 1.0, 0.0, 0.0, 1.0, 1.0, 1.0, 3.0, 2.0, 1.0, 0.0, 2.0, 1.0, 1.0, 3.0, 0.0, 3.0, 0.0, 1.0, 1.0, 1.0, 2.0, 0.0, 1.0, 0.0, 1.0, 0.0, 0.0, 0.0, 1.0, 1.0, 1.0, 1.0, 1.0, 0.0, 1.0, 1.0, 2.0, 0.0, 2.0, 0.0, 0.0, 1.0, 0.0, 0.0, 1.0, 3.0, 1.0], "bins": [-0.08204913139343262, -0.07947908341884613, -0.07690902799367905, -0.07433898001909256, -0.07176893204450607, -0.06919887661933899, -0.0666288286447525, -0.06405878067016602, -0.06148872897028923, -0.058918677270412445, -0.05634862929582596, -0.05377857759594917, -0.05120852589607239, -0.0486384779214859, -0.046068426221609116, -0.04349837452173233, -0.040928326547145844, -0.03835827484726906, -0.03578822687268257, -0.033218175172805786, -0.03064812533557415, -0.028078075498342514, -0.02550802379846573, -0.022937973961234093, -0.020367924124002457, -0.01779787428677082, -0.01522782351821661, -0.0126577727496624, -0.010087722912430763, -0.007517673075199127, -0.0049476223066449165, -0.002377571538090706, 0.0001924857497215271, 0.0027625360526144505, 0.005332586355507374, 0.007902637124061584, 0.01047268696129322, 0.013042736798524857, 0.015612787567079067, 0.018182838335633278, 0.020752888172864914, 0.02332293801009655, 0.025892987847328186, 0.02846303954720497, 0.031033089384436607, 0.03360313922166824, 0.03617319092154503, 0.038743242621421814, 0.0413132905960083, 0.043883342295885086, 0.04645339027047157, 0.04902344197034836, 0.051593489944934845, 0.05416354164481163, 0.056733593344688416, 0.0593036413192749, 0.06187369301915169, 0.06444374471902847, 0.06701379269361496, 0.06958384066820145, 0.07215389609336853, 0.07472394406795502, 0.0772939920425415, 0.07986404746770859, 0.08243409544229507]}, "parameters/graph_1conv3.weight": {"_type": "histogram",