{"Test epoch_loss": 0.8024, "Test accuracy": 0.49559998512268066, "Test recall": 0.49498916576381363, "Test precision": 0.9854408196279321, "BH accuracy": 0.0163545238723292, "SPH accuracy": 0.9854408196279321, "_timestamp": 1679527249.9698691, "_runtime": 102.78802013397217, "_step": 5, "Train epoch_loss": 0.7136444444444444, "Train accuracy": 0.5022666454315186, "parameters/conv1.weight": {"_type": "histogram", "values": [4.0, 4.0, 9.0, 5.0, 8.0, 5.0, 6.0, 8.0, 9.0, 5.0, 6.0, 4.0, 7.0, 4.0, 10.0, 4.0, 7.0, 7.0, 9.0, 9.0, 6.0, 11.0, 9.0, 7.0, 5.0, 2.0, 10.0, 7.0, 6.0, 5.0, 7.0, 4.0, 4.0, 7.0, 9.0, 6.0, 3.0, 12.0, 11.0, 9.0, 7.0, 4.0, 4.0, 3.0, 7.0, 9.0, 11.0, 5.0, 3.0, 4.0, 10.0, 2.0, 2.0, 4.0, 7.0, 10.0, 6.0, 11.0, 10.0, 8.0, 7.0, 8.0, 9.0, 11.0], "bins": [-0.19185128808021545, -0.1858537197113037, -0.17985616624355316, -0.17385859787464142, -0.16786104440689087, -0.16186347603797913, -0.15586590766906738, -0.14986835420131683, -0.14387080073356628, -0.13787323236465454, -0.131875678896904, -0.12587811052799225, -0.1198805570602417, -0.11388298869132996, -0.10788542777299881, -0.10188786685466766, -0.09589029848575592, -0.08989273756742477, -0.08389517664909363, -0.07789760828018188, -0.07190005481243134, -0.06590248644351959, -0.059904925525188446, -0.0539073646068573, -0.04790979623794556, -0.04191223531961441, -0.035914674401283264, -0.02991710975766182, -0.023919548839330673, -0.017921987920999527, -0.011924423277378082, -0.005926862359046936, 7.070600986480713e-05, 0.006068267859518528, 0.012065829709172249, 0.018063392490148544, 0.02406095340847969, 0.030058514326810837, 0.03605607897043228, 0.04205363988876343, 0.04805119335651398, 0.05404875427484512, 0.06004631519317627, 0.06604388356208801, 0.07204143702983856, 0.0780390053987503, 0.08403656631708145, 0.0900341272354126, 0.09603169560432434, 0.10202925652265549, 0.10802681744098663, 0.11402438580989838, 0.12002193927764893, 0.12601950764656067, 0.1320170760154724, 0.13801462948322296, 0.1440121829509735, 0.15000975131988525, 0.1560073047876358, 0.16200487315654755, 0.1680024266242981, 0.17399999499320984, 0.17999756336212158, 0.18599511682987213, 0.19199268519878387]}, "parameters/conv1.bias": {"_type": "histogram", "values": [1.0, 1.0, 1.0, 0.0, 0.0, 0.0, 0.0, 1.0, 2.0, 0.0, 0.0, 0.0, 0.0, 0.0, 0.0, 0.0, 0.0, 0.0, 0.0, 0.0, 1.0, 0.0, 0.0, 0.0, 0.0, 1.0, 0.0, 0.0, 1.0, 2.0, 1.0, 0.0, 0.0, 0.0, 0.0, 0.0, 0.0, 0.0, 0.0, 0.0, 0.0, 0.0, 0.0, 0.0, 1.0, 0.0, 0.0, 0.0, 0.0, 0.0, 0.0, 1.0, 0.0, 0.0, 0.0, 0.0, 1.0, 0.0, 0.0, 0.0, 0.0, 0.0, 0.0, 1.0], "bins": [-0.17519356310367584, -0.16946204006671906, -0.16373051702976227, -0.1579989790916443, -0.1522674560546875, -0.1465359330177307, -0.14080440998077393, -0.13507288694381714, -0.12934134900569916, -0.12360982596874237, -0.11787829548120499, -0.1121467724442482, -0.10641524195671082, -0.10068371891975403, -0.09495219588279724, -0.08922066539525986, -0.08348914235830307, -0.07775761932134628, -0.0720260888338089, -0.06629456579685211, -0.06056303530931473, -0.05483151227235794, -0.049099985510110855, -0.04336845874786377, -0.03763693571090698, -0.0319054089486599, -0.02617388218641281, -0.020442357286810875, -0.01471083052456379, -0.008979303762316704, -0.0032477788627147675, 0.002483747899532318, 0.008215278387069702, 0.013946805149316788, 0.019678331911563873, 0.02540985681116581, 0.031141383573412895, 0.03687290847301483, 0.04260443523526192, 0.048335961997509, 0.05406749248504639, 0.05979901924729347, 0.06553054600954056, 0.07126206904649734, 0.07699359953403473, 0.08272512257099152, 0.0884566456079483, 0.09418817609548569, 0.09991969913244247, 0.10565122216939926, 0.11138275265693665, 0.11711427569389343, 0.12284580618143082, 0.1285773366689682, 0.134308859705925, 0.14004038274288177, 0.14577190577983856, 0.15150342881679535, 0.15723495185375214, 0.16296648979187012, 0.1686980128288269, 0.1744295358657837, 0.18016105890274048, 0.18589258193969727, 0.19162411987781525]}, "parameters/conv2.weight": {"_type": "histogram", "values": [156.0, 159.0, 150.0, 160.0, 137.0, 156.0, 148.0, 132.0, 143.0, 159.0, 143.0, 134.0, 121.0, 148.0, 144.0, 162.0, 133.0, 133.0, 145.0, 156.0, 144.0, 142.0, 149.0, 130.0, 148.0, 126.0, 116.0, 153.0, 141.0, 147.0, 147.0, 137.0, 119.0, 164.0, 150.0, 174.0, 141.0, 150.0, 152.0, 156.0, 156.0, 151.0, 158.0, 126.0, 139.0, 135.0, 155.0, 135.0, 135.0, 137.0, 140.0, 162.0, 145.0, 118.0, 153.0, 139.0, 158.0, 139.0, 146.0, 123.0, 146.0, 137.0, 143.0, 135.0], "bins": [-0.0833275318145752, -0.08072374016046524, -0.07811994850635529, -0.07551614940166473, -0.07291235774755478, -0.07030856609344482, -0.06770477443933487, -0.06510098278522491, -0.06249718740582466, -0.059893395751714706, -0.05728960037231445, -0.0546858087182045, -0.05208201706409454, -0.04947822168469429, -0.046874430030584335, -0.04427063465118408, -0.04166684299707413, -0.03906305134296417, -0.03645925596356392, -0.033855464309453964, -0.03125166893005371, -0.028647877275943756, -0.0260440856218338, -0.023440292105078697, -0.020836498588323593, -0.01823270507156849, -0.015628911554813385, -0.01302511990070343, -0.010421326383948326, -0.007817532867193222, -0.005213740281760693, -0.002609947696328163, -6.146728992462158e-06, 0.0025976463221013546, 0.005201439373195171, 0.007805232424288988, 0.010409025475382805, 0.013012818992137909, 0.015616611577570438, 0.018220404163002968, 0.020824197679758072, 0.023427991196513176, 0.02603178471326828, 0.028635576367378235, 0.03123936988413334, 0.03384316340088844, 0.0364469550549984, 0.03905075043439865, 0.041654542088508606, 0.04425833374261856, 0.046862129122018814, 0.04946592077612877, 0.05206971615552902, 0.05467350780963898, 0.05727729946374893, 0.05988109111785889, 0.06248488649725914, 0.0650886818766594, 0.06769247353076935, 0.0702962651848793, 0.07290005683898926, 0.07550385594367981, 0.07810764759778976, 0.08071143925189972, 0.08331523090600967]}, "parameters/conv2.bias": {"_type": "histogram", "values": [2.0, 0.0, 1.0, 1.0, 0.0, 2.0, 1.0, 0.0, 0.0, 0.0, 1.0, 3.0, 1.0, 0.0, 2.0, 0.0, 1.0, 1.0, 0.0, 2.0, 0.0, 1.0, 0.0, 1.0, 1.0, 2.0, 1.0, 1.0, 1.0, 1.0, 1.0, 1.0, 0.0, 1.0, 1.0, 0.0, 1.0, 2.0, 1.0, 1.0, 1.0, 1.0, 0.0, 1.0, 2.0, 1.0, 1.0, 0.0, 2.0, 1.0, 2.0, 1.0, 0.0, 1.0, 2.0, 2.0, 0.0, 4.0, 0.0, 0.0, 1.0, 2.0, 1.0, 2.0], "bins": [-0.0782303437590599, -0.07574131339788437, -0.07325229048728943, -0.07076326012611389, -0.06827422976493835, -0.06578519940376282, -0.06329617649316788, -0.06080714613199234, -0.0583181157708168, -0.055829089134931564, -0.05334005877375603, -0.05085103213787079, -0.04836200177669525, -0.04587297514081001, -0.043383948504924774, -0.04089491814374924, -0.038405891507864, -0.03591686487197876, -0.03342783451080322, -0.030938807874917984, -0.028449777513742447, -0.025960750877857208, -0.02347172237932682, -0.020982693880796432, -0.018493667244911194, -0.016004638746380806, -0.013515610247850418, -0.011026582680642605, -0.008537554182112217, -0.006048525683581829, -0.003559498116374016, -0.001070469617843628, 0.0014185607433319092, 0.003907589241862297, 0.006396617274731398, 0.008885645307600498, 0.011374673806130886, 0.013863702304661274, 0.016352729871869087, 0.018841758370399475, 0.021330788731575012, 0.0238198172301054, 0.026308845728635788, 0.028797872364521027, 0.031286902725696564, 0.0337759293615818, 0.03626495599746704, 0.03875398635864258, 0.04124301299452782, 0.043732039630413055, 0.04622106999158859, 0.04871009662747383, 0.05119912698864937, 0.05368815362453461, 0.056177183985710144, 0.05866621062159538, 0.06115523725748062, 0.06364426761865616, 0.0661332905292511, 0.06862232089042664, 0.07111135125160217, 0.07360038161277771, 0.07608940452337265, 0.07857843488454819, 0.08106746524572372]}, "parameters/conv3.weight": {"_type": "histogram",