{"epoch": 12, "train_loss": 0.04257644712924957, "raw_loss": 0.04459063708782196, "wd_0": 0.01, "sqr_mom_0": 0.99, "lr_0": 1.1432389041181128e-10, "mom_0": 0.9499998567596635, "eps_0": 1e-05, "wd_1": 0.01, "sqr_mom_1": 0.99, "lr_1": 1.143238904124889e-09, "mom_1": 0.9499998567596635, "eps_1": 1e-05, "wd_2": 0.01, "sqr_mom_2": 0.99, "lr_2": 1.143238904108626e-08, "mom_2": 0.9499998567596635, "eps_2": 1e-05, "_timestamp": 1677750866.8951652, "train_samples_per_sec": 1876.5191742112745, "_runtime": 485.46156430244446, "_step": 4499, "valid_loss": 1.3229284286499023, "accuracy": 0.6341666579246521, "Prediction_Samples": {"_type": "table-file", "sha256": "9d36b5dbe3ec44f472be9e8856444f2e6ea952f566e1c8a760b66d8465fa63cc", "size": 969, "artifact_path": "wandb-client-artifact://7hpb5phmyr4yf0tx8yong00jgpqqiswsvzzyleq742j6698u7bcjma9jt3zt5gyk59xtpbf7bn8bfn2fp1999zrtrlmn4yu8ex8xw8m2cqtl9sfvinwwcg3j62bjo66v:latest/Prediction_Samples.table.json", "_latest_artifact_path": "wandb-client-artifact://7hpb5phmyr4yf0tx8yong00jgpqqiswsvzzyleq742j6698u7bcjma9jt3zt5gyk59xtpbf7bn8bfn2fp1999zrtrlmn4yu8ex8xw8m2cqtl9sfvinwwcg3j62bjo66v:latest/Prediction_Samples.table.json", "path": "media/table/Prediction_Samples_4499_9d36b5dbe3ec44f472be.table.json", "ncols": 3, "nrows": 36}}