{"epoch": 6, "train_loss": 0.033113814890384674, "raw_loss": 0.01168029010295868, "wd_0": 0.01, "sqr_mom_0": 0.99, "lr_0": 1.1432389041181128e-10, "mom_0": 0.9499998567596635, "eps_0": 1e-05, "wd_1": 0.01, "sqr_mom_1": 0.99, "lr_1": 1.143238904124889e-09, "mom_1": 0.9499998567596635, "eps_1": 1e-05, "wd_2": 0.01, "sqr_mom_2": 0.99, "lr_2": 1.143238904108626e-08, "mom_2": 0.9499998567596635, "eps_2": 1e-05, "_timestamp": 1677578229.3059454, "train_samples_per_sec": 86.8529472393953, "_runtime": 1939.7000834941864, "_step": 2249, "valid_loss": 1.3927974700927734, "accuracy": 0.6480000019073486, "Prediction_Samples": {"_type": "table-file", "sha256": "a9118e045921d51ec64c3af641ab289b5cd3230dbb604f23f2b0a9d63f4c484a", "size": 969, "artifact_path": "wandb-client-artifact://1ye575tirt0ob3hb4868h29mhprpjqchywpg36yz6tme1phwcovqso6abhl6vb5hv0yc0jhj1s7v1pszyceqhk60m8ic6s4vygueq38lfbd9ou8fy1smlodqy57zbz8t:latest/Prediction_Samples.table.json", "_latest_artifact_path": "wandb-client-artifact://1ye575tirt0ob3hb4868h29mhprpjqchywpg36yz6tme1phwcovqso6abhl6vb5hv0yc0jhj1s7v1pszyceqhk60m8ic6s4vygueq38lfbd9ou8fy1smlodqy57zbz8t:latest/Prediction_Samples.table.json", "path": "media/table/Prediction_Samples_2249_a9118e045921d51ec64c.table.json", "ncols": 3, "nrows": 36}}