{"epoch": 2.41066666666669, "train_loss": 0.5717452168464661, "raw_loss": 0.6270999908447266, "wd_0": 0.01, "sqr_mom_0": 0.99, "lr_0": 9.925974877683571e-06, "mom_0": 0.8509253140289553, "eps_0": 1e-05, "wd_1": 0.01, "sqr_mom_1": 0.99, "lr_1": 9.92597487768357e-05, "mom_1": 0.8509253140289553, "eps_1": 1e-05, "wd_2": 0.01, "sqr_mom_2": 0.99, "lr_2": 0.000992597487768357, "mom_2": 0.8509253140289553, "eps_2": 1e-05, "_timestamp": 1677576967.306126, "train_samples_per_sec": 71.07172947612588, "_runtime": 677.7002642154694, "_step": 903, "valid_loss": 0.6179928779602051, "accuracy": 0.6514999866485596, "Prediction_Samples": {"_type": "table-file", "sha256": "a61ccf31cc038edd0e0c04bf1c0c77a0ba7972cdff8ed5c6fea49a3dfce13c19", "size": 969, "artifact_path": "wandb-client-artifact://fjkzat3f2g2ulgoic9zckk504ktkk8lfzq6fzzwqgnebl5qe1ajzbnlk75t3tdk2ghowwn1mbeu7p5pcu0045im2uhtqbmm0g4siqueoneltvp0is6auubu9380o7l30:latest/Prediction_Samples.table.json", "_latest_artifact_path": "wandb-client-artifact://fjkzat3f2g2ulgoic9zckk504ktkk8lfzq6fzzwqgnebl5qe1ajzbnlk75t3tdk2ghowwn1mbeu7p5pcu0045im2uhtqbmm0g4siqueoneltvp0is6auubu9380o7l30:latest/Prediction_Samples.table.json", "path": "media/table/Prediction_Samples_374_a61ccf31cc038edd0e0c.table.json", "ncols": 3, "nrows": 36}}