{"Train epoch_loss": 1.1992924135261112, "Test epoch_loss": 1.1789254438877106, "Train accuracy": 0.4708000123500824, "Test accuracy": 0.47493332624435425, "Test recall": 0.4578268876611418, "Test precision": 0.33513076300889727, "BH accuracy": 0.6117119493537325, "SPH accuracy": 0.33513076300889727, "_timestamp": 1679483895.6582167, "_runtime": 13.465652704238892, "_step": 2, "parameters/graph_1conv1.weight": {"_type": "histogram", "values": [6.0, 8.0, 11.0, 9.0, 5.0, 11.0, 6.0, 2.0, 6.0, 10.0, 4.0, 10.0, 5.0, 6.0, 2.0, 5.0, 4.0, 11.0, 15.0, 12.0, 8.0, 5.0, 9.0, 6.0, 6.0, 8.0, 10.0, 7.0, 2.0, 8.0, 9.0, 7.0, 4.0, 7.0, 12.0, 10.0, 6.0, 6.0, 8.0, 8.0, 5.0, 7.0, 2.0, 7.0, 6.0, 5.0, 3.0, 6.0, 4.0, 3.0, 4.0, 9.0, 9.0, 8.0, 4.0, 6.0, 6.0, 5.0, 2.0, 4.0, 11.0, 6.0, 7.0, 9.0], "bins": [-0.19152149558067322, -0.18553537130355835, -0.17954926192760468, -0.1735631376504898, -0.16757702827453613, -0.16159090399742126, -0.1556047797203064, -0.14961867034435272, -0.14363256096839905, -0.13764643669128418, -0.1316603273153305, -0.12567420303821564, -0.11968809366226196, -0.1137019693851471, -0.10771585255861282, -0.10172973573207855, -0.09574361145496368, -0.08975749462842941, -0.08377137780189514, -0.07778525352478027, -0.0717991441488266, -0.06581301987171173, -0.05982690304517746, -0.05384078621864319, -0.04785466194152832, -0.04186854511499405, -0.03588242828845978, -0.029896307736635208, -0.023910190910100937, -0.017924074083566666, -0.011937953531742096, -0.005951836705207825, 3.428757190704346e-05, 0.006020405329763889, 0.012006523087620735, 0.017992641776800156, 0.023978758603334427, 0.029964875429868698, 0.03595099598169327, 0.04193711280822754, 0.04792322218418121, 0.053909339010715485, 0.059895455837249756, 0.06588158011436462, 0.0718676894903183, 0.07785381376743317, 0.08383993059396744, 0.08982604742050171, 0.09581217169761658, 0.10179828852415085, 0.10778440535068512, 0.11377052962779999, 0.11975663900375366, 0.12574276328086853, 0.1317288875579834, 0.13771499693393707, 0.14370110630989075, 0.14968723058700562, 0.1556733399629593, 0.16165946424007416, 0.16764557361602783, 0.1736316978931427, 0.17961782217025757, 0.18560393154621124, 0.1915900558233261]}, "parameters/graph_1conv1.bias": {"_type": "histogram", "values": [1.0, 0.0, 0.0, 0.0, 0.0, 0.0, 0.0, 0.0, 1.0, 1.0, 1.0, 0.0, 0.0, 1.0, 0.0, 0.0, 0.0, 0.0, 0.0, 0.0, 0.0, 0.0, 0.0, 0.0, 0.0, 0.0, 0.0, 0.0, 0.0, 1.0, 0.0, 0.0, 0.0, 0.0, 0.0, 0.0, 0.0, 0.0, 0.0, 0.0, 0.0, 0.0, 0.0, 0.0, 0.0, 0.0, 1.0, 0.0, 0.0, 2.0, 0.0, 0.0, 0.0, 1.0, 0.0, 1.0, 0.0, 0.0, 1.0, 1.0, 2.0, 0.0, 0.0, 1.0], "bins": [-0.14523202180862427, -0.1403665989637375, -0.13550116121768951, -0.13063573837280273, -0.12577030062675476, -0.12090487778186798, -0.1160394474864006, -0.11117401719093323, -0.10630858689546585, -0.10144315659999847, -0.0965777263045311, -0.09171229600906372, -0.08684687316417694, -0.08198143541812897, -0.07711601257324219, -0.07225058227777481, -0.06738515198230743, -0.06251972168684006, -0.05765429139137268, -0.0527888648211956, -0.047923434525728226, -0.04305800423026085, -0.03819257766008377, -0.033327147364616394, -0.028461717069149017, -0.02359628677368164, -0.018730858340859413, -0.013865428976714611, -0.008999999612569809, -0.004134569317102432, 0.0007308591157197952, 0.005596287548542023, 0.010461702942848206, 0.015327132306993008, 0.02019256167113781, 0.025057990103960037, 0.029923420399427414, 0.03478885069489479, 0.03965427726507187, 0.044519707560539246, 0.04938513785600662, 0.054250568151474, 0.059115998446941376, 0.06398142874240875, 0.06884685158729553, 0.0737122893333435, 0.07857771217823029, 0.08344314247369766, 0.08830857276916504, 0.09317400306463242, 0.09803943336009979, 0.10290486365556717, 0.10777029395103455, 0.11263571679592133, 0.1175011470913887, 0.12236657738685608, 0.12723201513290405, 0.13209743797779083, 0.1369628757238388, 0.14182829856872559, 0.14669373631477356, 0.15155915915966034, 0.1564245969057083, 0.1612900197505951, 0.16615544259548187]}, "parameters/graph_1conv2.weight": {"_type": "histogram", "values": [151.0, 166.0, 157.0, 131.0, 158.0, 148.0, 157.0, 152.0, 139.0, 145.0, 126.0, 124.0, 126.0, 143.0, 149.0, 135.0, 147.0, 171.0, 125.0, 143.0, 138.0, 145.0, 130.0, 130.0, 149.0, 167.0, 140.0, 130.0, 155.0, 152.0, 137.0, 127.0, 157.0, 131.0, 145.0, 148.0, 157.0, 139.0, 150.0, 150.0, 161.0, 134.0, 154.0, 144.0, 145.0, 166.0, 137.0, 147.0, 148.0, 149.0, 155.0, 135.0, 161.0, 145.0, 137.0, 121.0, 142.0, 134.0, 148.0, 134.0, 129.0, 137.0, 150.0, 133.0], "bins": [-0.08333028852939606, -0.08072634786367416, -0.07812240719795227, -0.07551846653223038, -0.07291452586650848, -0.07031058520078659, -0.0677066445350647, -0.0651027113199234, -0.06249876692891121, -0.059894826263189316, -0.05729088559746742, -0.05468694493174553, -0.052083007991313934, -0.04947906732559204, -0.04687512665987015, -0.044271185994148254, -0.04166724532842636, -0.03906330466270447, -0.036459363996982574, -0.03385542333126068, -0.03125148266553879, -0.028647543862462044, -0.0260436050593853, -0.023439664393663406, -0.020835723727941513, -0.01823178306221962, -0.015627842396497726, -0.013023903593420982, -0.010419962927699089, -0.007816022261977196, -0.005212082527577877, -0.0026081427931785583, -4.209578037261963e-06, 0.002599730622023344, 0.00520367082208395, 0.007807611022144556, 0.010411551222205162, 0.013015491887927055, 0.015619431622326374, 0.018223371356725693, 0.020827312022447586, 0.02343125268816948, 0.026035193353891373, 0.028639132156968117, 0.03124307282269001, 0.033847011625766754, 0.03645095229148865, 0.03905489295721054, 0.041658833622932434, 0.04426277428865433, 0.04686671495437622, 0.049470655620098114, 0.05207459628582001, 0.0546785369515419, 0.057282473891973495, 0.05988641455769539, 0.06249035522341728, 0.06509429216384888, 0.06769823282957077, 0.07030217349529266, 0.07290611416101456, 0.07551005482673645, 0.07811399549245834, 0.08071793615818024, 0.08332187682390213]}, "parameters/graph_1conv2.bias": {"_type": "histogram", "values": [1.0, 1.0, 4.0, 0.0, 0.0, 3.0, 1.0, 0.0, 2.0, 0.0, 1.0, 1.0, 1.0, 1.0, 0.0, 0.0, 2.0, 3.0, 0.0, 0.0, 0.0, 2.0, 1.0, 1.0, 0.0, 0.0, 0.0, 1.0, 1.0, 1.0, 0.0, 4.0, 0.0, 2.0, 1.0, 1.0, 1.0, 2.0, 0.0, 0.0, 0.0, 1.0, 3.0, 1.0, 1.0, 1.0, 1.0, 1.0, 1.0, 2.0, 1.0, 1.0, 1.0, 0.0, 1.0, 1.0, 0.0, 0.0, 1.0, 1.0, 2.0, 1.0, 1.0, 2.0], "bins": [-0.07959222793579102, -0.07713548094034195, -0.07467873394489288, -0.07222198694944382, -0.06976523995399475, -0.06730848550796509, -0.06485173851251602, -0.062394991517066956, -0.05993824452161789, -0.05748149752616882, -0.05502475053071976, -0.05256799980998039, -0.050111252814531326, -0.04765450581908226, -0.045197755098342896, -0.04274100810289383, -0.04028426110744476, -0.0378275141119957, -0.03537076711654663, -0.032914016395807266, -0.0304572694003582, -0.028000522404909134, -0.02554377354681492, -0.023087024688720703, -0.020630277693271637, -0.01817353069782257, -0.015716781839728355, -0.013260033912956715, -0.010803285986185074, -0.008346538059413433, -0.005889790132641792, -0.003433041274547577, -0.0009762868285179138, 0.001480461098253727, 0.003937209025025368, 0.0063939569517970085, 0.00885070487856865, 0.01130745280534029, 0.01376420073211193, 0.016220949590206146, 0.018677696585655212, 0.02113444358110428, 0.023591192439198494, 0.02604794129729271, 0.028504688292741776, 0.03096143528819084, 0.033418186008930206, 0.03587493300437927, 0.03833167999982834, 0.040788426995277405, 0.04324517399072647, 0.045701924711465836, 0.0481586717069149, 0.05061541870236397, 0.05307216942310333, 0.0555289164185524, 0.057985663414001465, 0.06044241040945053, 0.0628991574048996, 0.06535590440034866, 0.06781265139579773, 0.07026940584182739, 0.07272615283727646, 0.07518289983272552, 0.07763964682817459]}, "parameters/graph_1conv3.weight": {"_type": "histogram",