{"epoch": 6, "train_loss": 0.06995713710784912, "raw_loss": 0.02860875427722931, "wd_0": 0.01, "sqr_mom_0": 0.99, "lr_0": 1.1432389041181128e-10, "mom_0": 0.9499998567596635, "eps_0": 1e-05, "wd_1": 0.01, "sqr_mom_1": 0.99, "lr_1": 1.143238904124889e-09, "mom_1": 0.9499998567596635, "eps_1": 1e-05, "wd_2": 0.01, "sqr_mom_2": 0.99, "lr_2": 1.143238904108626e-08, "mom_2": 0.9499998567596635, "eps_2": 1e-05, "_timestamp": 1678716602.451823, "train_samples_per_sec": 1114.6757512740176, "_runtime": 256.4480218887329, "_step": 2249, "valid_loss": 1.2561184167861938, "accuracy": 0.6506666541099548, "Prediction_Samples": {"_type": "table-file", "sha256": "9341ab127dd45fb602416f0cf5ff3f9b1e2c6d0be43561559c10d35b265a1957", "size": 969, "artifact_path": "wandb-client-artifact://8ncwfhjylhx2yfurq85rsy0pot9z2dxknfcia9f2hmk63n5rzhhukpnsls7pcg0cb145xl0f8p8he9argn4cq87oov37rzrjjk973xr8a49e48c2tf1pmsrpxn72re0q:latest/Prediction_Samples.table.json", "_latest_artifact_path": "wandb-client-artifact://8ncwfhjylhx2yfurq85rsy0pot9z2dxknfcia9f2hmk63n5rzhhukpnsls7pcg0cb145xl0f8p8he9argn4cq87oov37rzrjjk973xr8a49e48c2tf1pmsrpxn72re0q:latest/Prediction_Samples.table.json", "path": "media/table/Prediction_Samples_2249_9341ab127dd45fb60241.table.json", "ncols": 3, "nrows": 36}}