{"Train epoch_loss": 0.42395555473036234, "Test epoch_loss": 0.4116000005602837, "Train accuracy": 0.5022222399711609, "Test accuracy": 0.4952000081539154, "Test recall": 0.49486324216144095, "Test precision": 1.0, "BH accuracy": 0.0013189132155104195, "SPH accuracy": 1.0, "_timestamp": 1679482042.6241498, "_runtime": 20.1490797996521, "_step": 2, "parameters/graph_1conv1.weight": {"_type": "histogram", "values": [5.0, 7.0, 8.0, 8.0, 8.0, 5.0, 5.0, 5.0, 4.0, 5.0, 6.0, 6.0, 7.0, 6.0, 2.0, 3.0, 9.0, 10.0, 9.0, 4.0, 5.0, 4.0, 4.0, 7.0, 12.0, 10.0, 7.0, 6.0, 6.0, 6.0, 5.0, 7.0, 6.0, 10.0, 9.0, 12.0, 7.0, 5.0, 6.0, 7.0, 6.0, 11.0, 8.0, 6.0, 6.0, 7.0, 6.0, 7.0, 10.0, 9.0, 9.0, 10.0, 5.0, 9.0, 8.0, 5.0, 5.0, 11.0, 4.0, 6.0, 6.0, 4.0, 2.0, 9.0], "bins": [-0.19230176508426666, -0.18629156053066254, -0.1802813559770584, -0.17427115142345428, -0.16826094686985016, -0.16225074231624603, -0.1562405377626419, -0.15023033320903778, -0.14422012865543365, -0.13820992410182953, -0.1321997195482254, -0.12618951499462128, -0.12017931044101715, -0.11416910588741302, -0.1081589013338089, -0.10214869678020477, -0.09613849222660065, -0.09012828767299652, -0.0841180831193924, -0.07810787856578827, -0.07209767401218414, -0.06608746945858002, -0.06007726490497589, -0.054067060351371765, -0.04805685579776764, -0.04204665124416351, -0.03603644669055939, -0.03002624213695526, -0.024016037583351135, -0.01800583302974701, -0.011995628476142883, -0.005985423922538757, 2.4780631065368652e-05, 0.006034985184669495, 0.01204518973827362, 0.018055394291877747, 0.024065598845481873, 0.030075803399086, 0.036086007952690125, 0.04209621250629425, 0.048106417059898376, 0.0541166216135025, 0.06012682616710663, 0.06613703072071075, 0.07214723527431488, 0.078157439827919, 0.08416764438152313, 0.09017784893512726, 0.09618805348873138, 0.10219825804233551, 0.10820846259593964, 0.11421866714954376, 0.12022887170314789, 0.12623907625675201, 0.13224928081035614, 0.13825948536396027, 0.1442696899175644, 0.15027989447116852, 0.15629009902477264, 0.16230030357837677, 0.1683105081319809, 0.17432071268558502, 0.18033091723918915, 0.18634112179279327, 0.1923513263463974]}, "parameters/graph_1conv1.bias": {"_type": "histogram", "values": [2.0, 1.0, 0.0, 1.0, 0.0, 1.0, 0.0, 0.0, 1.0, 0.0, 1.0, 0.0, 1.0, 0.0, 1.0, 0.0, 0.0, 0.0, 0.0, 0.0, 0.0, 0.0, 0.0, 0.0, 0.0, 0.0, 0.0, 1.0, 0.0, 0.0, 0.0, 0.0, 0.0, 0.0, 0.0, 0.0, 0.0, 0.0, 1.0, 0.0, 0.0, 0.0, 0.0, 0.0, 0.0, 1.0, 0.0, 0.0, 0.0, 1.0, 0.0, 0.0, 0.0, 0.0, 0.0, 0.0, 0.0, 0.0, 0.0, 1.0, 1.0, 0.0, 0.0, 1.0], "bins": [-0.16861972212791443, -0.16308823227882385, -0.15755674242973328, -0.1520252525806427, -0.14649376273155212, -0.14096227288246155, -0.13543078303337097, -0.1298992931842804, -0.12436779588460922, -0.11883630603551865, -0.11330481618642807, -0.1077733188867569, -0.10224182903766632, -0.09671033918857574, -0.09117884933948517, -0.08564735949039459, -0.08011586964130402, -0.07458437979221344, -0.06905288994312286, -0.06352140009403229, -0.05798990651965141, -0.05245841667056084, -0.04692692309617996, -0.041395433247089386, -0.03586393594741821, -0.030332446098327637, -0.02480095438659191, -0.019269462674856186, -0.01373797282576561, -0.008206482976675034, -0.002674989402294159, 0.0028565004467964172, 0.008387967944145203, 0.013919458724558353, 0.019450949504971504, 0.02498244121670723, 0.030513931065797806, 0.03604542091488838, 0.04157691448926926, 0.04710840433835983, 0.05263988673686981, 0.05817137658596039, 0.06370286643505096, 0.06923435628414154, 0.07476584613323212, 0.08029733598232269, 0.08582883328199387, 0.09136032313108444, 0.09689182043075562, 0.10242331027984619, 0.10795480012893677, 0.11348628997802734, 0.11901777982711792, 0.1245492696762085, 0.13008075952529907, 0.13561224937438965, 0.14114373922348022, 0.1466752290725708, 0.15220671892166138, 0.15773820877075195, 0.16326969861984253, 0.1688011884689331, 0.17433267831802368, 0.17986416816711426, 0.18539567291736603]}, "parameters/graph_1conv2.weight": {"_type": "histogram", "values": [155.0, 128.0, 144.0, 147.0, 137.0, 169.0, 124.0, 133.0, 169.0, 180.0, 144.0, 149.0, 153.0, 128.0, 122.0, 145.0, 130.0, 146.0, 126.0, 155.0, 150.0, 135.0, 169.0, 145.0, 144.0, 138.0, 133.0, 139.0, 153.0, 148.0, 144.0, 157.0, 122.0, 124.0, 146.0, 152.0, 143.0, 128.0, 130.0, 137.0, 141.0, 131.0, 138.0, 141.0, 131.0, 151.0, 145.0, 150.0, 147.0, 173.0, 129.0, 139.0, 160.0, 154.0, 133.0, 143.0, 158.0, 130.0, 128.0, 142.0, 180.0, 144.0, 152.0, 155.0], "bins": [-0.0833311602473259, -0.08072769641876221, -0.07812424004077911, -0.07552077621221542, -0.07291731238365173, -0.07031384855508804, -0.06771038472652435, -0.06510692834854126, -0.06250346451997757, -0.05990000069141388, -0.05729654058814049, -0.054693080484867096, -0.052089616656303406, -0.049486152827739716, -0.046882692724466324, -0.04427923262119293, -0.04167576879262924, -0.03907230496406555, -0.03646884486079216, -0.03386538475751877, -0.03126192092895508, -0.028658458963036537, -0.026054996997117996, -0.023451535031199455, -0.020848073065280914, -0.018244611099362373, -0.015641149133443832, -0.013037687167525291, -0.01043422520160675, -0.00783076323568821, -0.005227301269769669, -0.0026238393038511276, -2.037733793258667e-05, 0.0025830846279859543, 0.005186546593904495, 0.007790008559823036, 0.010393470525741577, 0.012996932491660118, 0.015600394457578659, 0.0182038564234972, 0.02080731838941574, 0.023410780355334282, 0.026014242321252823, 0.028617704287171364, 0.031221166253089905, 0.033824630081653595, 0.03642809018492699, 0.03903155028820038, 0.04163501411676407, 0.04423847794532776, 0.04684193804860115, 0.04944539815187454, 0.05204886198043823, 0.05465232580900192, 0.057255785912275314, 0.059859246015548706, 0.062462709844112396, 0.06506617367267609, 0.06766963005065918, 0.07027309387922287, 0.07287655770778656, 0.07548002153635025, 0.07808348536491394, 0.08068694174289703, 0.08329040557146072]}, "parameters/graph_1conv2.bias": {"_type": "histogram", "values": [1.0, 1.0, 1.0, 1.0, 1.0, 0.0, 1.0, 0.0, 0.0, 1.0, 1.0, 0.0, 1.0, 2.0, 1.0, 1.0, 1.0, 2.0, 1.0, 1.0, 0.0, 1.0, 2.0, 0.0, 2.0, 2.0, 0.0, 0.0, 0.0, 3.0, 0.0, 0.0, 1.0, 0.0, 0.0, 0.0, 2.0, 1.0, 3.0, 1.0, 0.0, 1.0, 4.0, 2.0, 1.0, 2.0, 0.0, 0.0, 1.0, 1.0, 3.0, 1.0, 1.0, 3.0, 1.0, 3.0, 0.0, 1.0, 0.0, 0.0, 1.0, 0.0, 0.0, 2.0], "bins": [-0.08174088597297668, -0.07917653769254684, -0.07661218196153641, -0.07404783368110657, -0.07148348540067673, -0.06891913712024689, -0.06635478138923645, -0.06379043310880661, -0.06122608110308647, -0.05866172909736633, -0.05609738081693649, -0.053533028811216354, -0.050968676805496216, -0.048404328525066376, -0.04583997651934624, -0.0432756245136261, -0.04071127623319626, -0.03814692422747612, -0.03558257594704628, -0.03301822394132614, -0.030453873798251152, -0.027889523655176163, -0.025325171649456024, -0.022760821506381035, -0.020196471363306046, -0.017632121220231056, -0.015067770145833492, -0.012503419071435928, -0.009939068928360939, -0.00737471878528595, -0.004810367710888386, -0.002246016636490822, 0.00031832605600357056, 0.002882676664739847, 0.005447027273476124, 0.008011378347873688, 0.010575728490948677, 0.013140078634023666, 0.015704430639743805, 0.018268780782818794, 0.020833130925893784, 0.023397481068968773, 0.025961831212043762, 0.0285261832177639, 0.03109053336083889, 0.03365488350391388, 0.03621923550963402, 0.038783587515354156, 0.041347935795784, 0.043912287801504135, 0.046476636081933975, 0.049040988087654114, 0.051605336368083954, 0.05416968837380409, 0.05673404037952423, 0.05929838865995407, 0.06186274066567421, 0.06442709267139435, 0.06699144095182419, 0.06955578923225403, 0.07212014496326447, 0.0746844932436943, 0.07724884152412415, 0.07981319725513458, 0.08237754553556442]}, "parameters/graph_1conv3.weight": {"_type": "histogram",