{"Train epoch_loss": 0.41155555526415505, "Test epoch_loss": 0.42106666614611943, "Train accuracy": 0.47839999198913574, "Test accuracy": 0.4787999987602234, "Test recall": 0.4552772808586762, "Test precision": 0.2744675114586142, "BH accuracy": 0.6787127407016619, "SPH accuracy": 0.2744675114586142, "_timestamp": 1679481347.230426, "_runtime": 20.82957100868225, "_step": 2, "parameters/conv1.weight": {"_type": "histogram", "values": [7.0, 7.0, 4.0, 4.0, 7.0, 8.0, 8.0, 11.0, 6.0, 4.0, 9.0, 6.0, 7.0, 10.0, 3.0, 8.0, 5.0, 7.0, 10.0, 7.0, 10.0, 6.0, 11.0, 4.0, 7.0, 10.0, 9.0, 0.0, 5.0, 8.0, 5.0, 6.0, 7.0, 7.0, 8.0, 7.0, 7.0, 13.0, 8.0, 2.0, 2.0, 11.0, 5.0, 5.0, 7.0, 8.0, 4.0, 4.0, 13.0, 5.0, 6.0, 4.0, 4.0, 5.0, 12.0, 4.0, 6.0, 12.0, 5.0, 6.0, 5.0, 7.0, 7.0, 7.0], "bins": [-0.1919545978307724, -0.1859530806541443, -0.17995157837867737, -0.17395006120204926, -0.16794854402542114, -0.16194702684879303, -0.1559455245733261, -0.149944007396698, -0.14394249022006989, -0.13794097304344177, -0.13193947076797485, -0.12593795359134674, -0.11993643641471863, -0.11393492668867111, -0.1079334169626236, -0.10193189978599548, -0.09593039005994797, -0.08992888033390045, -0.08392736315727234, -0.07792585343122482, -0.07192433625459671, -0.0659228265285492, -0.05992131307721138, -0.053919799625873566, -0.04791828989982605, -0.041916776448488235, -0.03591526299715042, -0.029913751408457756, -0.02391223795711994, -0.017910724505782127, -0.011909212917089462, -0.005907699465751648, 9.381771087646484e-05, 0.006095330696552992, 0.012096843682229519, 0.01809835620224476, 0.024099869653582573, 0.030101383104920387, 0.03610289469361305, 0.04210440814495087, 0.04810592532157898, 0.054107438772916794, 0.06010895222425461, 0.06611046195030212, 0.07211197912693024, 0.07811348885297775, 0.08411499857902527, 0.09011651575565338, 0.0961180254817009, 0.10211953520774841, 0.10812105238437653, 0.11412256211042404, 0.12012407928705215, 0.12612558901309967, 0.13212710618972778, 0.1381286084651947, 0.14413012564182281, 0.15013164281845093, 0.15613314509391785, 0.16213466227054596, 0.16813617944717407, 0.17413769662380219, 0.1801391988992691, 0.18614071607589722, 0.19214223325252533]}, "parameters/conv1.bias": {"_type": "histogram", "values": [1.0, 1.0, 0.0, 0.0, 0.0, 1.0, 1.0, 0.0, 0.0, 0.0, 0.0, 1.0, 0.0, 0.0, 0.0, 0.0, 0.0, 0.0, 2.0, 0.0, 0.0, 0.0, 1.0, 0.0, 0.0, 1.0, 0.0, 0.0, 0.0, 0.0, 0.0, 0.0, 1.0, 0.0, 0.0, 0.0, 0.0, 0.0, 0.0, 1.0, 0.0, 0.0, 2.0, 0.0, 0.0, 0.0, 0.0, 0.0, 0.0, 0.0, 0.0, 0.0, 0.0, 0.0, 0.0, 0.0, 1.0, 1.0, 0.0, 0.0, 0.0, 0.0, 0.0, 1.0], "bins": [-0.16592684388160706, -0.1603502780199051, -0.15477372705936432, -0.14919716119766235, -0.14362061023712158, -0.13804404437541962, -0.13246747851371765, -0.12689092755317688, -0.12131436169147491, -0.11573780328035355, -0.11016124486923218, -0.10458467900753021, -0.09900812059640884, -0.09343156218528748, -0.08785499632358551, -0.08227843791246414, -0.07670187950134277, -0.0711253210902214, -0.06554876267910004, -0.05997219681739807, -0.0543956384062767, -0.048819079995155334, -0.04324251785874367, -0.037665955722332, -0.03208939731121063, -0.026512837037444115, -0.020936276763677597, -0.01535971648991108, -0.009783156216144562, -0.004206595942378044, 0.0013699643313884735, 0.00694652646780014, 0.012523069977760315, 0.018099630251526833, 0.02367619052529335, 0.029252750799059868, 0.034829311072826385, 0.040405869483947754, 0.04598243162035942, 0.05155899375677109, 0.057135552167892456, 0.06271211057901382, 0.06828866899013519, 0.07386523485183716, 0.07944179326295853, 0.0850183516740799, 0.09059491753578186, 0.09617147594690323, 0.1017480343580246, 0.10732459276914597, 0.11290115118026733, 0.1184777170419693, 0.12405427545309067, 0.12963083386421204, 0.135207399725914, 0.14078396558761597, 0.14636051654815674, 0.1519370824098587, 0.15751363337039948, 0.16309019923210144, 0.1686667501926422, 0.17424331605434418, 0.17981988191604614, 0.18539643287658691, 0.19097299873828888]}, "parameters/conv2.weight": {"_type": "histogram", "values": [137.0, 160.0, 134.0, 140.0, 143.0, 150.0, 157.0, 142.0, 147.0, 137.0, 147.0, 163.0, 150.0, 123.0, 147.0, 142.0, 146.0, 147.0, 142.0, 142.0, 131.0, 151.0, 150.0, 144.0, 143.0, 166.0, 138.0, 136.0, 164.0, 145.0, 139.0, 136.0, 148.0, 153.0, 143.0, 159.0, 149.0, 147.0, 169.0, 134.0, 136.0, 146.0, 126.0, 130.0, 149.0, 144.0, 117.0, 139.0, 155.0, 141.0, 154.0, 129.0, 141.0, 160.0, 154.0, 141.0, 149.0, 162.0, 147.0, 129.0, 136.0, 132.0, 140.0, 118.0], "bins": [-0.08331279456615448, -0.0807090774178505, -0.07810536026954651, -0.07550165057182312, -0.07289793342351913, -0.07029421627521515, -0.06769050657749176, -0.06508678942918777, -0.06248307228088379, -0.0598793551325798, -0.057275641709566116, -0.05467192828655243, -0.052068211138248444, -0.04946449398994446, -0.04686078056693077, -0.044257067143917084, -0.0416533499956131, -0.03904963284730911, -0.036445919424295425, -0.03384220600128174, -0.031238488852977753, -0.028634773567318916, -0.02603105828166008, -0.023427342996001244, -0.020823627710342407, -0.01821991242468357, -0.015616197139024734, -0.013012481853365898, -0.010408766567707062, -0.007805051282048225, -0.005201335996389389, -0.0025976207107305527, 6.102025508880615e-06, 0.002609817311167717, 0.005213532596826553, 0.00781724788248539, 0.010420963168144226, 0.013024678453803062, 0.0156283937394619, 0.018232109025120735, 0.02083582431077957, 0.023439539596438408, 0.026043254882097244, 0.02864697016775608, 0.03125068545341492, 0.0338544026017189, 0.03645811602473259, 0.03906182944774628, 0.04166554659605026, 0.04426926374435425, 0.046872977167367935, 0.04947669059038162, 0.05208040773868561, 0.054684124886989594, 0.05728783831000328, 0.05989155173301697, 0.06249526888132095, 0.06509898602962494, 0.06770269572734833, 0.07030641287565231, 0.0729101300239563, 0.07551384717226028, 0.07811756432056427, 0.08072127401828766, 0.08332499116659164]}, "parameters/conv2.bias": {"_type": "histogram", "values": [3.0, 0.0, 1.0, 1.0, 2.0, 0.0, 0.0, 2.0, 1.0, 0.0, 1.0, 0.0, 0.0, 2.0, 1.0, 1.0, 0.0, 1.0, 1.0, 2.0, 1.0, 0.0, 2.0, 0.0, 0.0, 2.0, 0.0, 1.0, 2.0, 2.0, 0.0, 1.0, 0.0, 2.0, 1.0, 1.0, 0.0, 2.0, 2.0, 3.0, 1.0, 1.0, 0.0, 3.0, 2.0, 0.0, 0.0, 1.0, 0.0, 0.0, 1.0, 1.0, 0.0, 1.0, 1.0, 1.0, 0.0, 2.0, 3.0, 1.0, 0.0, 2.0, 0.0, 2.0], "bins": [-0.081772580742836, -0.07925836741924286, -0.07674416154623032, -0.07422994822263718, -0.07171574234962463, -0.0692015290260315, -0.06668731570243835, -0.06417310237884521, -0.06165889650583267, -0.05914468690752983, -0.05663047730922699, -0.05411626398563385, -0.05160205438733101, -0.04908784478902817, -0.04657363146543503, -0.04405942186713219, -0.041545212268829346, -0.039031002670526505, -0.03651679307222366, -0.034002579748630524, -0.03148837015032768, -0.02897416055202484, -0.02645994909107685, -0.02394573763012886, -0.02143152803182602, -0.018917318433523178, -0.016403106972575188, -0.013888896442949772, -0.011374685913324356, -0.00886047538369894, -0.0063462648540735245, -0.003832053393125534, -0.0013178512454032898, 0.001196359284222126, 0.003710569813847542, 0.006224780343472958, 0.008738990873098373, 0.01125320140272379, 0.013767411932349205, 0.016281623393297195, 0.018795832991600037, 0.021310042589902878, 0.023824254050850868, 0.02633846551179886, 0.0288526751101017, 0.03136688470840454, 0.03388109803199768, 0.03639530763030052, 0.03890951722860336, 0.041423726826906204, 0.043937936425209045, 0.046452149748802185, 0.048966359347105026, 0.05148056894540787, 0.05399478226900101, 0.05650899186730385, 0.05902320146560669, 0.06153741106390953, 0.06405162066221237, 0.06656583398580551, 0.06908003985881805, 0.0715942531824112, 0.07410846650600433, 0.07662267982959747, 0.07913688570261002]}, "parameters/conv3.weight": {"_type": "histogram",