{"Train epoch_loss": 23.56, "Test epoch_loss": 23.786666666666665, "Train accuracy": 0.49604445695877075, "Test accuracy": 0.5019999742507935, "Test recall": 0.4322916666666667, "Test precision": 0.022377999460771097, "BH accuracy": 0.9712476919018729, "SPH accuracy": 0.022377999460771097, "_timestamp": 1679420991.6465151, "_runtime": 87.57201719284058, "_step": 9, "parameters/graph_2conv1.weight": {"_type": "histogram", "values": [10.0, 10.0, 4.0, 8.0, 9.0, 8.0, 3.0, 7.0, 10.0, 4.0, 7.0, 9.0, 6.0, 5.0, 7.0, 5.0, 10.0, 11.0, 11.0, 5.0, 6.0, 5.0, 3.0, 8.0, 2.0, 4.0, 6.0, 3.0, 5.0, 10.0, 4.0, 7.0, 6.0, 12.0, 3.0, 5.0, 2.0, 6.0, 9.0, 6.0, 4.0, 3.0, 3.0, 12.0, 9.0, 7.0, 6.0, 8.0, 10.0, 8.0, 7.0, 5.0, 4.0, 10.0, 10.0, 7.0, 4.0, 9.0, 6.0, 9.0, 2.0, 12.0, 8.0, 8.0], "bins": [-0.1919761747121811, -0.18597885966300964, -0.1799815595149994, -0.17398424446582794, -0.1679869443178177, -0.16198962926864624, -0.155992329120636, -0.14999501407146454, -0.1439976990222931, -0.13800038397312164, -0.1320030838251114, -0.12600576877593994, -0.12000846117734909, -0.11401115357875824, -0.10801384598016739, -0.10201653838157654, -0.09601923078298569, -0.09002192318439484, -0.08402461558580399, -0.07802730798721313, -0.07202999293804169, -0.06603268533945084, -0.060035377740859985, -0.054038066416978836, -0.048040762543678284, -0.04204345494508743, -0.036046143621206284, -0.030048836022615433, -0.024051526561379433, -0.018054217100143433, -0.012056909501552582, -0.0060595981776714325, -6.22868537902832e-05, 0.0059350221417844296, 0.011932331137359142, 0.017929639667272568, 0.023926949128508568, 0.029924258589744568, 0.03592156618833542, 0.04191887751221657, 0.04791618883609772, 0.05391349643468857, 0.05991080775856972, 0.06590811908245087, 0.07190542668104172, 0.07790273427963257, 0.08390004187822342, 0.08989734947681427, 0.09589465707540512, 0.10189196467399597, 0.10788927227258682, 0.11388657987117767, 0.11988389492034912, 0.12588119506835938, 0.13187851011753082, 0.13787582516670227, 0.14387312531471252, 0.14987044036388397, 0.15586774051189423, 0.16186505556106567, 0.16786235570907593, 0.17385967075824738, 0.17985698580741882, 0.18585428595542908, 0.19185160100460052]}, "parameters/graph_2conv1.bias": {"_type": "histogram", "values": [1.0, 0.0, 0.0, 0.0, 0.0, 0.0, 0.0, 0.0, 0.0, 0.0, 1.0, 1.0, 0.0, 0.0, 0.0, 0.0, 2.0, 0.0, 0.0, 1.0, 0.0, 0.0, 0.0, 0.0, 0.0, 0.0, 0.0, 0.0, 0.0, 1.0, 0.0, 0.0, 0.0, 0.0, 0.0, 0.0, 0.0, 1.0, 0.0, 0.0, 1.0, 0.0, 0.0, 0.0, 0.0, 0.0, 0.0, 0.0, 1.0, 0.0, 0.0, 1.0, 0.0, 0.0, 0.0, 0.0, 1.0, 1.0, 1.0, 0.0, 0.0, 1.0, 0.0, 1.0], "bins": [-0.1725490391254425, -0.16711607575416565, -0.1616831123828888, -0.15625014901161194, -0.15081718564033508, -0.14538420736789703, -0.13995124399662018, -0.13451828062534332, -0.12908531725406647, -0.12365235388278961, -0.11821939051151276, -0.1127864196896553, -0.10735345631837845, -0.10192049294710159, -0.09648752212524414, -0.09105455875396729, -0.08562159538269043, -0.08018863201141357, -0.07475566864013672, -0.06932269781827927, -0.06388973444700241, -0.058456771075725555, -0.0530238039791584, -0.04759083688259125, -0.04215787351131439, -0.03672491014003754, -0.03129194304347038, -0.025858977809548378, -0.020426012575626373, -0.014993047341704369, -0.009560082107782364, -0.00412711501121521, 0.0013058334589004517, 0.006738798692822456, 0.012171763926744461, 0.017604729160666466, 0.02303769439458847, 0.028470659628510475, 0.03390362486243248, 0.039336591958999634, 0.04476955533027649, 0.050202518701553345, 0.0556354857981205, 0.06106845289468765, 0.06650141626596451, 0.07193437963724136, 0.07736735045909882, 0.08280031383037567, 0.08823327720165253, 0.09366624057292938, 0.09909920394420624, 0.10453217476606369, 0.10996513813734055, 0.1153981015086174, 0.12083107233047485, 0.1262640357017517, 0.13169699907302856, 0.13712996244430542, 0.14256292581558228, 0.14799588918685913, 0.153428852558136, 0.15886183083057404, 0.1642947942018509, 0.16972775757312775, 0.1751607209444046]}, "parameters/graph_2conv2.weight": {"_type": "histogram", "values": [161.0, 132.0, 154.0, 165.0, 139.0, 153.0, 139.0, 138.0, 121.0, 156.0, 143.0, 141.0, 139.0, 138.0, 131.0, 143.0, 148.0, 133.0, 144.0, 124.0, 164.0, 139.0, 138.0, 132.0, 132.0, 125.0, 151.0, 141.0, 131.0, 120.0, 150.0, 169.0, 143.0, 148.0, 151.0, 134.0, 148.0, 147.0, 144.0, 149.0, 158.0, 157.0, 160.0, 144.0, 174.0, 162.0, 156.0, 117.0, 134.0, 145.0, 130.0, 143.0, 134.0, 130.0, 144.0, 150.0, 143.0, 147.0, 151.0, 155.0, 147.0, 148.0, 147.0, 142.0], "bins": [-0.08332650363445282, -0.08072246611118317, -0.07811842858791351, -0.07551439106464386, -0.0729103535413742, -0.07030631601810455, -0.0677022784948349, -0.06509824097156525, -0.06249420344829559, -0.05989016592502594, -0.05728612840175629, -0.05468209087848663, -0.05207805335521698, -0.04947401583194733, -0.04686997830867767, -0.04426594078540802, -0.04166190326213837, -0.03905786573886871, -0.03645382821559906, -0.03384979069232941, -0.031245753169059753, -0.0286417156457901, -0.026037678122520447, -0.023433640599250793, -0.02082960307598114, -0.018225565552711487, -0.015621528029441833, -0.01301749050617218, -0.010413452982902527, -0.0078094154596328735, -0.00520537793636322, -0.002601340413093567, 2.7045607566833496e-06, 0.0026067420840263367, 0.00521077960729599, 0.007814817130565643, 0.010418854653835297, 0.01302289217710495, 0.015626929700374603, 0.018230967223644257, 0.02083500474691391, 0.023439042270183563, 0.026043079793453217, 0.02864711731672287, 0.03125115483999252, 0.033855192363262177, 0.03645922988653183, 0.03906326740980148, 0.041667304933071136, 0.04427134245634079, 0.04687537997961044, 0.049479417502880096, 0.05208345502614975, 0.0546874925494194, 0.057291530072689056, 0.05989556759595871, 0.06249960511922836, 0.06510364264249802, 0.06770768016576767, 0.07031171768903732, 0.07291575521230698, 0.07551979273557663, 0.07812383025884628, 0.08072786778211594, 0.08333190530538559]}, "parameters/graph_2conv2.bias": {"_type": "histogram", "values": [1.0, 1.0, 1.0, 0.0, 0.0, 0.0, 2.0, 2.0, 2.0, 1.0, 0.0, 1.0, 0.0, 0.0, 2.0, 1.0, 0.0, 1.0, 1.0, 3.0, 1.0, 1.0, 2.0, 0.0, 0.0, 1.0, 0.0, 1.0, 1.0, 3.0, 1.0, 0.0, 1.0, 1.0, 0.0, 2.0, 1.0, 3.0, 3.0, 1.0, 2.0, 1.0, 0.0, 0.0, 0.0, 0.0, 1.0, 0.0, 2.0, 1.0, 2.0, 1.0, 1.0, 1.0, 0.0, 0.0, 0.0, 1.0, 1.0, 1.0, 2.0, 1.0, 1.0, 3.0], "bins": [-0.0825120210647583, -0.07993966341018677, -0.07736730575561523, -0.0747949406504631, -0.07222258299589157, -0.06965022534132004, -0.06707786023616791, -0.06450550258159637, -0.06193314492702484, -0.05936078727245331, -0.056788425892591476, -0.054216064512729645, -0.05164370685815811, -0.04907134920358658, -0.04649898782372475, -0.043926626443862915, -0.04135426878929138, -0.03878191113471985, -0.03620954975485802, -0.033637188374996185, -0.031064830720424652, -0.02849247120320797, -0.025920111685991287, -0.023347752168774605, -0.020775392651557922, -0.01820303313434124, -0.015630673617124557, -0.013058314099907875, -0.010485954582691193, -0.00791359506547451, -0.005341235548257828, -0.0027688760310411453, -0.00019652396440505981, 0.0023758355528116226, 0.004948195070028305, 0.0075205545872449875, 0.01009291410446167, 0.012665273621678352, 0.015237633138895035, 0.017809992656111717, 0.0203823521733284, 0.022954711690545082, 0.025527071207761765, 0.028099430724978447, 0.03067179024219513, 0.03324414789676666, 0.035816509276628494, 0.038388870656490326, 0.04096122831106186, 0.04353358596563339, 0.046105947345495224, 0.048678308725357056, 0.05125066637992859, 0.05382302403450012, 0.056395385414361954, 0.058967746794223785, 0.06154010444879532, 0.06411246210336685, 0.06668482720851898, 0.06925718486309052, 0.07182954251766205, 0.07440190017223358, 0.07697425782680511, 0.07954662293195724, 0.08211898058652878]}, "parameters/graph_2conv3.weight": {"_type": "histogram",