{"epoch": 6, "train_loss": 0.0354149229824543, "raw_loss": 0.018652264028787613, "wd_0": 0.01, "sqr_mom_0": 0.99, "lr_0": 1.1432389041181128e-10, "mom_0": 0.9499998567596635, "eps_0": 1e-05, "wd_1": 0.01, "sqr_mom_1": 0.99, "lr_1": 1.143238904124889e-09, "mom_1": 0.9499998567596635, "eps_1": 1e-05, "wd_2": 0.01, "sqr_mom_2": 0.99, "lr_2": 1.143238904108626e-08, "mom_2": 0.9499998567596635, "eps_2": 1e-05, "_timestamp": 1677116847.06009, "train_samples_per_sec": 1866.6783334057081, "_runtime": 213.31974911689758, "_step": 2249, "valid_loss": 1.3634604215621948, "accuracy": 0.6535000205039978, "Prediction_Samples": {"_type": "table-file", "sha256": "58ed53ffbc2a451638324997c1a68f890d55d745b09aa9f70f811b808e4252a4", "size": 969, "artifact_path": "wandb-client-artifact://xluc72pjd3bzlvyojff8fp9efoap58hb8k6b6quaaqxbe626jaj6gb9uy1ycx6mmhmma6t5ktclxue1pqvrqrxuuugqozkpe3uylb01karurzmaemtsrrdqqm9rgjwqh:latest/Prediction_Samples.table.json", "_latest_artifact_path": "wandb-client-artifact://xluc72pjd3bzlvyojff8fp9efoap58hb8k6b6quaaqxbe626jaj6gb9uy1ycx6mmhmma6t5ktclxue1pqvrqrxuuugqozkpe3uylb01karurzmaemtsrrdqqm9rgjwqh:latest/Prediction_Samples.table.json", "path": "media/table/Prediction_Samples_2249_58ed53ffbc2a45163832.table.json", "ncols": 3, "nrows": 36}}