{"Test epoch_loss": NaN, "Test accuracy": 0.505466639995575, "Test recall": 0.0, "Test precision": 0.0, "BH accuracy": 1.0, "SPH accuracy": 0.0, "_timestamp": 1680001663.1656404, "_runtime": 167.13028931617737, "_step": 8, "Train epoch_loss": NaN, "Train accuracy": 0.49817776679992676, "_wandb": {"runtime": 166}}