{"Train epoch_loss": 0.32062222298648624, "Test epoch_loss": 0.3252000003059705, "Train accuracy": 0.48399999737739563, "Test accuracy": 0.48840001225471497, "Test recall": 0.47339983374896094, "Test precision": 0.3070908600700998, "BH accuracy": 0.6657873911896597, "SPH accuracy": 0.3070908600700998, "_timestamp": 1679413500.402597, "_runtime": 87.63626885414124, "_step": 9, "parameters/conv1.weight": {"_type": "histogram", "values": [6.0, 3.0, 10.0, 10.0, 5.0, 12.0, 3.0, 8.0, 3.0, 7.0, 3.0, 2.0, 5.0, 6.0, 4.0, 5.0, 3.0, 5.0, 9.0, 8.0, 3.0, 6.0, 10.0, 6.0, 7.0, 10.0, 2.0, 3.0, 6.0, 11.0, 6.0, 4.0, 11.0, 11.0, 11.0, 10.0, 7.0, 4.0, 3.0, 7.0, 2.0, 6.0, 7.0, 8.0, 5.0, 8.0, 5.0, 6.0, 7.0, 2.0, 13.0, 4.0, 8.0, 8.0, 8.0, 11.0, 9.0, 5.0, 13.0, 13.0, 6.0, 9.0, 6.0, 8.0], "bins": [-0.192286878824234, -0.18627886474132538, -0.18027086555957794, -0.1742628514766693, -0.16825485229492188, -0.16224683821201324, -0.15623882412910461, -0.15023082494735718, -0.14422282576560974, -0.1382148116827011, -0.13220681250095367, -0.12619879841804504, -0.12019079923629761, -0.11418278515338898, -0.10817477852106094, -0.10216677188873291, -0.09615875780582428, -0.09015075117349625, -0.08414274454116821, -0.07813473045825958, -0.07212673127651215, -0.06611871719360352, -0.06011071056127548, -0.05410270392894745, -0.04809468984603882, -0.042086683213710785, -0.03607867658138275, -0.03007066622376442, -0.024062659591436386, -0.018054652959108353, -0.01204664260149002, -0.006038635969161987, -3.0621886253356934e-05, 0.005977385677397251, 0.01198539324104786, 0.017993401736021042, 0.024001408368349075, 0.03000941500067711, 0.03601742535829544, 0.042025431990623474, 0.04803343117237091, 0.054041437804698944, 0.06004944443702698, 0.06605745851993561, 0.07206545770168304, 0.07807347178459167, 0.08408147841691971, 0.09008948504924774, 0.09609749913215637, 0.1021055057644844, 0.10811351239681244, 0.11412152647972107, 0.1201295256614685, 0.12613753974437714, 0.13214555382728577, 0.1381535530090332, 0.14416155219078064, 0.15016956627368927, 0.1561775654554367, 0.16218557953834534, 0.16819357872009277, 0.1742015928030014, 0.18020960688591003, 0.18621760606765747, 0.1922256201505661]}, "parameters/conv1.bias": {"_type": "histogram", "values": [1.0, 0.0, 0.0, 0.0, 0.0, 1.0, 0.0, 0.0, 0.0, 1.0, 1.0, 0.0, 0.0, 0.0, 0.0, 0.0, 0.0, 2.0, 0.0, 0.0, 0.0, 0.0, 1.0, 1.0, 0.0, 0.0, 0.0, 0.0, 0.0, 0.0, 1.0, 0.0, 0.0, 0.0, 2.0, 0.0, 2.0, 0.0, 0.0, 0.0, 0.0, 0.0, 0.0, 0.0, 0.0, 0.0, 0.0, 0.0, 0.0, 0.0, 0.0, 0.0, 0.0, 0.0, 0.0, 0.0, 0.0, 0.0, 0.0, 0.0, 0.0, 1.0, 1.0, 1.0], "bins": [-0.17024479806423187, -0.16469301283359528, -0.15914124250411987, -0.15358945727348328, -0.14803767204284668, -0.14248588681221008, -0.13693411648273468, -0.13138233125209808, -0.12583056092262268, -0.12027878314256668, -0.11472699791193008, -0.10917522013187408, -0.10362343490123749, -0.09807165712118149, -0.09251987934112549, -0.08696809411048889, -0.0814163088798523, -0.0758645310997963, -0.0703127458691597, -0.0647609680891037, -0.0592091865837574, -0.0536574050784111, -0.0481056272983551, -0.042553845793008804, -0.0370020717382431, -0.031450290232896805, -0.025898510590195656, -0.020346730947494507, -0.014794949442148209, -0.00924316793680191, -0.0036913901567459106, 0.0018603913486003876, 0.007412180304527283, 0.012963960878551006, 0.01851574145257473, 0.02406752109527588, 0.029619302600622177, 0.035171084105968475, 0.040722861886024475, 0.04627464339137077, 0.05182643234729767, 0.05737821385264397, 0.06292999535799026, 0.06848177313804626, 0.07403355836868286, 0.07958533614873886, 0.08513711392879486, 0.09068889915943146, 0.09624066948890686, 0.10179244726896286, 0.10734423249959946, 0.11289601027965546, 0.11844779551029205, 0.12399957329034805, 0.12955135107040405, 0.13510313630104065, 0.14065492153167725, 0.14620670676231384, 0.15175847709178925, 0.15731026232242584, 0.16286204755306244, 0.16841381788253784, 0.17396560311317444, 0.17951738834381104, 0.18506915867328644]}, "parameters/conv2.weight": {"_type": "histogram", "values": [143.0, 129.0, 145.0, 152.0, 159.0, 133.0, 138.0, 160.0, 146.0, 137.0, 168.0, 147.0, 173.0, 136.0, 118.0, 137.0, 129.0, 125.0, 143.0, 157.0, 146.0, 143.0, 151.0, 144.0, 152.0, 157.0, 127.0, 155.0, 131.0, 144.0, 147.0, 144.0, 159.0, 141.0, 140.0, 125.0, 148.0, 128.0, 153.0, 160.0, 135.0, 155.0, 154.0, 148.0, 147.0, 119.0, 138.0, 146.0, 147.0, 128.0, 149.0, 146.0, 158.0, 146.0, 132.0, 137.0, 131.0, 177.0, 122.0, 171.0, 147.0, 147.0, 142.0, 124.0], "bins": [-0.08332251012325287, -0.08071867376565933, -0.0781148374080658, -0.07551100105047226, -0.07290716469287872, -0.07030333578586578, -0.06769949942827225, -0.06509566307067871, -0.062491826713085175, -0.05988799035549164, -0.0572841539978981, -0.054680321365594864, -0.05207648500800133, -0.04947264865040779, -0.04686881601810455, -0.04426497966051102, -0.04166114330291748, -0.039057306945323944, -0.03645347058773041, -0.03384963795542717, -0.031245801597833633, -0.028641965240240097, -0.02603813074529171, -0.023434296250343323, -0.020830459892749786, -0.01822662353515625, -0.015622789040207863, -0.013018953613936901, -0.01041511818766594, -0.007811282761394978, -0.005207447335124016, -0.0026036128401756287, 2.3096799850463867e-07, 0.0026040663942694664, 0.005207901820540428, 0.00781173724681139, 0.010415572673082352, 0.013019408099353313, 0.015623243525624275, 0.018227078020572662, 0.0208309143781662, 0.023434750735759735, 0.026038585230708122, 0.02864241972565651, 0.031246256083250046, 0.03385009244084358, 0.03645392507314682, 0.039057761430740356, 0.04166159778833389, 0.04426543414592743, 0.046869270503520966, 0.049473103135824203, 0.05207693949341774, 0.054680775851011276, 0.057284608483314514, 0.05988844484090805, 0.06249228119850159, 0.06509611755609512, 0.06769995391368866, 0.0703037902712822, 0.07290762662887573, 0.07551145553588867, 0.07811529189348221, 0.08071912825107574, 0.08332296460866928]}, "parameters/conv2.bias": {"_type": "histogram", "values": [1.0, 2.0, 2.0, 1.0, 1.0, 0.0, 3.0, 2.0, 1.0, 0.0, 0.0, 2.0, 0.0, 0.0, 0.0, 1.0, 2.0, 1.0, 1.0, 0.0, 1.0, 1.0, 0.0, 0.0, 0.0, 1.0, 1.0, 1.0, 2.0, 0.0, 0.0, 1.0, 2.0, 0.0, 0.0, 0.0, 0.0, 0.0, 2.0, 3.0, 0.0, 0.0, 0.0, 0.0, 2.0, 1.0, 0.0, 0.0, 1.0, 2.0, 1.0, 2.0, 1.0, 2.0, 4.0, 4.0, 3.0, 1.0, 0.0, 2.0, 1.0, 0.0, 0.0, 2.0], "bins": [-0.08332455158233643, -0.08074717968702316, -0.0781698077917099, -0.07559243589639664, -0.07301506400108337, -0.07043769210577011, -0.06786032021045685, -0.06528295576572418, -0.06270557641983032, -0.06012820452451706, -0.057550832629203796, -0.05497346073389053, -0.05239608883857727, -0.04981871694326401, -0.04724134877324104, -0.04466397687792778, -0.042086608707904816, -0.03950923681259155, -0.03693186491727829, -0.03435449302196503, -0.031777121126651764, -0.02919975109398365, -0.026622381061315536, -0.024045009166002274, -0.02146763727068901, -0.018890265375375748, -0.016312893480062485, -0.013735523447394371, -0.011158151552081108, -0.008580779656767845, -0.006003408692777157, -0.0034260377287864685, -0.0008486583828926086, 0.001728713046759367, 0.004306084476411343, 0.006883455906063318, 0.009460827335715294, 0.012038199231028557, 0.014615570195019245, 0.017192941159009933, 0.019770313054323196, 0.02234768494963646, 0.024925056844949722, 0.027502426877617836, 0.0300797987729311, 0.03265716880559921, 0.035234540700912476, 0.03781191259622574, 0.040389284491539, 0.042966656386852264, 0.04554402828216553, 0.04812140017747879, 0.05069877207279205, 0.053276143968105316, 0.05585351213812828, 0.058430884033441544, 0.061008255928754807, 0.06358562409877777, 0.06616299599409103, 0.0687403678894043, 0.07131773978471756, 0.07389511168003082, 0.07647248357534409, 0.07904985547065735, 0.08162722736597061]}, "parameters/conv3.weight": {"_type": "histogram",