{"Test epoch_loss": 0.7441421169042587, "Test accuracy": 0.7684000134468079, "Test recall": 0.695324881141046, "Test precision": 0.9463467241844162, "BH accuracy": 0.594302294908995, "SPH accuracy": 0.9463467241844162, "_timestamp": 1679570292.1916711, "_runtime": 32.179710149765015, "_step": 1, "Train epoch_loss": 1.731106472743882, "Train accuracy": 0.7237777709960938, "parameters/conv1.weight": {"_type": "histogram", "values": [1.0, 0.0, 0.0, 0.0, 0.0, 0.0, 0.0, 1.0, 0.0, 1.0, 1.0, 0.0, 0.0, 2.0, 2.0, 0.0, 0.0, 3.0, 1.0, 0.0, 2.0, 2.0, 2.0, 2.0, 3.0, 2.0, 1.0, 1.0, 4.0, 1.0, 1.0, 4.0, 2.0, 2.0, 5.0, 7.0, 8.0, 17.0, 15.0, 25.0, 21.0, 22.0, 28.0, 22.0, 26.0, 13.0, 17.0, 20.0, 23.0, 22.0, 22.0, 17.0, 10.0, 9.0, 7.0, 6.0, 5.0, 4.0, 4.0, 7.0, 4.0, 2.0, 1.0, 2.0], "bins": [-0.7325166463851929, -0.7183248400688171, -0.7041329741477966, -0.6899411678314209, -0.6757493019104004, -0.6615574955940247, -0.6473656296730042, -0.6331738233566284, -0.6189819574356079, -0.6047901511192322, -0.5905982851982117, -0.5764064788818359, -0.5622146129608154, -0.5480228066444397, -0.5338309407234192, -0.5196391344070435, -0.5054473280906677, -0.4912554919719696, -0.4770636558532715, -0.46287181973457336, -0.44867998361587524, -0.4344881772994995, -0.4202963411808014, -0.40610450506210327, -0.39191266894340515, -0.37772083282470703, -0.3635289967060089, -0.3493371605873108, -0.33514535427093506, -0.32095348834991455, -0.3067616820335388, -0.2925698459148407, -0.2783780097961426, -0.26418617367744446, -0.24999433755874634, -0.2358025163412094, -0.2216106802225113, -0.20741884410381317, -0.19322702288627625, -0.17903518676757812, -0.1648433357477188, -0.1506514996290207, -0.13645967841148376, -0.12226784229278564, -0.10807600617408752, -0.0938841700553894, -0.07969234138727188, -0.06550051271915436, -0.05130867660045624, -0.037116844207048416, -0.022925011813640594, -0.008733179420232773, 0.005458652973175049, 0.01965048909187317, 0.03384231775999069, 0.048034146428108215, 0.062225982546806335, 0.07641781866550446, 0.09060964733362198, 0.1048014760017395, 0.11899331212043762, 0.13318514823913574, 0.14737698435783386, 0.1615688055753708, 0.1757606416940689]}, "parameters/conv1.bias": {"_type": "histogram", "values": [1.0, 0.0, 0.0, 1.0, 1.0, 0.0, 0.0, 0.0, 0.0, 0.0, 2.0, 0.0, 0.0, 1.0, 1.0, 0.0, 0.0, 0.0, 0.0, 0.0, 0.0, 0.0, 0.0, 0.0, 0.0, 0.0, 0.0, 0.0, 0.0, 1.0, 1.0, 0.0, 1.0, 1.0, 0.0, 1.0, 0.0, 0.0, 0.0, 0.0, 1.0, 0.0, 0.0, 0.0, 0.0, 0.0, 0.0, 0.0, 0.0, 0.0, 0.0, 0.0, 1.0, 0.0, 0.0, 0.0, 0.0, 1.0, 0.0, 0.0, 0.0, 0.0, 0.0, 1.0], "bins": [-0.16278775036334991, -0.15784230828285217, -0.15289686620235443, -0.1479514241218567, -0.14300598204135895, -0.1380605399608612, -0.13311508297920227, -0.12816964089870453, -0.12322419881820679, -0.11827875673770905, -0.1133333146572113, -0.10838787257671356, -0.10344242304563522, -0.09849698096513748, -0.09355153888463974, -0.0886060893535614, -0.08366065472364426, -0.07871521264314651, -0.07376977056264877, -0.06882432103157043, -0.06387887895107269, -0.05893343687057495, -0.05398799479007721, -0.04904254898428917, -0.044097110629081726, -0.039151668548583984, -0.034206222742795944, -0.029260780662298203, -0.02431533671915531, -0.01936989277601242, -0.014424450695514679, -0.009479004889726639, -0.004533559083938599, 0.000411884393543005, 0.005357327871024609, 0.010302770882844925, 0.015248214825987816, 0.020193658769130707, 0.02513910084962845, 0.03008454665541649, 0.03502999246120453, 0.03997543454170227, 0.04492088034749031, 0.04986632242798805, 0.05481176823377609, 0.059757210314273834, 0.06470265239477158, 0.06964810192584991, 0.07459353655576706, 0.0795389786362648, 0.08448442071676254, 0.08942987024784088, 0.09437531232833862, 0.09932075440883636, 0.1042661964893341, 0.10921163856983185, 0.11415708065032959, 0.11910252273082733, 0.12404796481132507, 0.12899340689182281, 0.13393884897232056, 0.1388843059539795, 0.14382973313331604, 0.14877519011497498, 0.15372063219547272]}, "parameters/conv2.weight": {"_type": "histogram", "values": [1.0, 0.0, 0.0, 1.0, 1.0, 1.0, 0.0, 2.0, 3.0, 4.0, 2.0, 9.0, 10.0, 7.0, 5.0, 16.0, 12.0, 26.0, 15.0, 22.0, 35.0, 31.0, 54.0, 44.0, 65.0, 62.0, 81.0, 109.0, 84.0, 132.0, 124.0, 152.0, 182.0, 189.0, 286.0, 407.0, 448.0, 454.0, 454.0, 439.0, 396.0, 421.0, 415.0, 381.0, 393.0, 407.0, 384.0, 313.0, 315.0, 305.0, 276.0, 252.0, 224.0, 196.0, 182.0, 144.0, 114.0, 80.0, 27.0, 10.0, 4.0, 1.0, 4.0, 3.0], "bins": [-0.34456565976142883, -0.3371988534927368, -0.3298320770263672, -0.32246527075767517, -0.31509849429130554, -0.3077316880226135, -0.3003649115562439, -0.2929981052875519, -0.28563129901885986, -0.27826449275016785, -0.2708977162837982, -0.2635309100151062, -0.2561641335487366, -0.24879732728004456, -0.24143053591251373, -0.2340637445449829, -0.22669696807861328, -0.21933017671108246, -0.21196338534355164, -0.2045965939760208, -0.19722980260849, -0.18986299633979797, -0.18249620497226715, -0.17512941360473633, -0.1677626222372055, -0.16039583086967468, -0.15302903950214386, -0.14566224813461304, -0.13829544186592102, -0.1309286653995514, -0.12356185913085938, -0.11619506776332855, -0.10882826149463654, -0.10146147012710571, -0.09409467875957489, -0.08672787994146347, -0.07936108857393265, -0.07199429720640182, -0.0646274983882904, -0.05726070702075958, -0.04989391565322876, -0.04252712428569794, -0.035160329192876816, -0.027793535962700844, -0.020426742732524872, -0.013059951364994049, -0.005693156272172928, 0.0016736388206481934, 0.009040430188179016, 0.016407223418354988, 0.02377401664853096, 0.031140809878706932, 0.038507603108882904, 0.04587439447641373, 0.05324118956923485, 0.06060798466205597, 0.06797477602958679, 0.07534156739711761, 0.08270835876464844, 0.09007515758275986, 0.09744194895029068, 0.1048087403178215, 0.11217553913593292, 0.11954233050346375, 0.12690912187099457]}, "parameters/conv2.bias": {"_type": "histogram", "values": [1.0, 1.0, 1.0, 1.0, 1.0, 3.0, 0.0, 0.0, 2.0, 0.0, 2.0, 1.0, 1.0, 1.0, 1.0, 2.0, 2.0, 2.0, 1.0, 1.0, 3.0, 1.0, 3.0, 1.0, 1.0, 0.0, 0.0, 2.0, 1.0, 3.0, 0.0, 1.0, 1.0, 2.0, 0.0, 1.0, 4.0, 3.0, 0.0, 0.0, 2.0, 4.0, 0.0, 0.0, 1.0, 3.0, 0.0, 0.0, 0.0, 0.0, 0.0, 1.0, 0.0, 0.0, 0.0, 0.0, 0.0, 0.0, 1.0, 0.0, 0.0, 0.0, 0.0, 1.0], "bins": [-0.08585163205862045, -0.08220070600509644, -0.07854977995157242, -0.0748988538980484, -0.07124792784452438, -0.06759700179100037, -0.06394608318805695, -0.06029515340924263, -0.05664422735571861, -0.052993301302194595, -0.04934237524867058, -0.04569145292043686, -0.04204052686691284, -0.038389600813388824, -0.03473867475986481, -0.03108774870634079, -0.027436822652816772, -0.023785896599292755, -0.020134970545768738, -0.01648404635488987, -0.012833120301365852, -0.009182194247841835, -0.005531270056962967, -0.0018803440034389496, 0.0017705783247947693, 0.005421503912657499, 0.00907242950052023, 0.012723354622721672, 0.01637428067624569, 0.020025206729769707, 0.023676130920648575, 0.027327056974172592, 0.030977994203567505, 0.03462892025709152, 0.03827984631061554, 0.04193077236413956, 0.045581698417663574, 0.04923262447118759, 0.05288354679942131, 0.05653447285294533, 0.060185402631759644, 0.06383632868528366, 0.06748725473880768, 0.0711381807923317, 0.07478910684585571, 0.07844003289937973, 0.08209095895290375, 0.08574187755584717, 0.08939280360937119, 0.0930437296628952, 0.09669465571641922, 0.10034558176994324, 0.10399650782346725, 0.10764743387699127, 0.11129835247993469, 0.1149492859840393, 0.11860020458698273, 0.12225113064050674, 0.12590205669403076, 0.12955297529697418, 0.1332039088010788, 0.13685482740402222, 0.14050576090812683, 0.14415667951107025, 0.14780761301517487]}, "parameters/conv3.weight": {"_type": "histogram",