{"acc": 0.8884292509991275, "loss": 0.201390396921561, "_timestamp": 1676635089.1637955, "_runtime": 71.05182456970215, "_step": 7, "_wandb": {"runtime": 19}}