{"Train epoch_loss": 0.48111111018392777, "Test epoch_loss": 0.4778666661183039, "Train accuracy": 0.5022222399711609, "Test accuracy": 0.4952000081539154, "Test recall": 0.49485912671918814, "Test precision": 0.9991911566459962, "BH accuracy": 0.0021102611448166712, "SPH accuracy": 0.9991911566459962, "_timestamp": 1679475978.1479867, "_runtime": 22.35226273536682, "_step": 2, "parameters/conv1.weight": {"_type": "histogram", "values": [8.0, 5.0, 8.0, 6.0, 7.0, 7.0, 3.0, 7.0, 6.0, 11.0, 9.0, 10.0, 4.0, 9.0, 6.0, 13.0, 11.0, 5.0, 6.0, 8.0, 9.0, 3.0, 5.0, 9.0, 9.0, 7.0, 6.0, 8.0, 5.0, 7.0, 6.0, 5.0, 4.0, 8.0, 8.0, 9.0, 6.0, 7.0, 9.0, 6.0, 10.0, 2.0, 9.0, 7.0, 4.0, 5.0, 6.0, 5.0, 6.0, 6.0, 7.0, 6.0, 6.0, 4.0, 7.0, 6.0, 9.0, 7.0, 4.0, 7.0, 5.0, 7.0, 5.0, 7.0], "bins": [-0.1919209361076355, -0.18594056367874146, -0.1799601912498474, -0.17397980391979218, -0.16799943149089813, -0.1620190590620041, -0.15603867173194885, -0.1500582993030548, -0.14407792687416077, -0.13809755444526672, -0.13211718201637268, -0.12613679468631744, -0.1201564222574234, -0.11417604982852936, -0.10819566994905472, -0.10221529006958008, -0.09623491764068604, -0.09025454521179199, -0.08427416533231735, -0.07829378545284271, -0.07231341302394867, -0.06633304059505463, -0.06035266071557999, -0.054372284561395645, -0.048391908407211304, -0.04241153225302696, -0.03643115609884262, -0.03045077994465828, -0.024470403790473938, -0.018490027636289597, -0.012509651482105255, -0.006529275327920914, -0.0005488842725753784, 0.005431491881608963, 0.011411868035793304, 0.017392244189977646, 0.023372620344161987, 0.02935299649834633, 0.03533337265253067, 0.04131374880671501, 0.04729412496089935, 0.053274501115083694, 0.059254877269268036, 0.06523525714874268, 0.07121562957763672, 0.07719600200653076, 0.0831763818860054, 0.08915676176548004, 0.09513713419437408, 0.10111750662326813, 0.10709788650274277, 0.11307826638221741, 0.11905863881111145, 0.1250390112400055, 0.13101938366889954, 0.13699977099895477, 0.14298014342784882, 0.14896051585674286, 0.1549409031867981, 0.16092127561569214, 0.16690164804458618, 0.17288202047348022, 0.17886239290237427, 0.1848427802324295, 0.19082315266132355]}, "parameters/conv1.bias": {"_type": "histogram", "values": [1.0, 0.0, 0.0, 0.0, 0.0, 0.0, 0.0, 0.0, 0.0, 0.0, 0.0, 0.0, 0.0, 1.0, 0.0, 1.0, 1.0, 0.0, 0.0, 0.0, 0.0, 0.0, 0.0, 0.0, 0.0, 0.0, 0.0, 0.0, 1.0, 0.0, 0.0, 0.0, 0.0, 0.0, 1.0, 0.0, 0.0, 0.0, 1.0, 0.0, 0.0, 0.0, 0.0, 0.0, 1.0, 0.0, 0.0, 1.0, 1.0, 0.0, 1.0, 0.0, 1.0, 0.0, 0.0, 0.0, 0.0, 1.0, 1.0, 0.0, 0.0, 1.0, 0.0, 1.0], "bins": [-0.1794569343328476, -0.1736687868833542, -0.16788065433502197, -0.16209250688552856, -0.15630435943603516, -0.15051621198654175, -0.14472807943820953, -0.13893993198871613, -0.1331517994403839, -0.1273636519908905, -0.12157551199197769, -0.11578737199306488, -0.10999922454357147, -0.10421108454465866, -0.09842294454574585, -0.09263479709625244, -0.08684664964675903, -0.08105850964784622, -0.07527036219835281, -0.06948222219944, -0.0636940747499466, -0.05790593475103378, -0.05211779475212097, -0.04632965102791786, -0.04054151475429535, -0.03475337103009224, -0.02896522916853428, -0.02317708730697632, -0.01738894358277321, -0.011600799858570099, -0.005812659859657288, -2.4516135454177856e-05, 0.005763635039329529, 0.011551777832210064, 0.0173399206250906, 0.02312806248664856, 0.02891620621085167, 0.03470434993505478, 0.04049248993396759, 0.0462806336581707, 0.05206878483295441, 0.057856928557157516, 0.06364507228136063, 0.06943321228027344, 0.07522135972976685, 0.08100949972867966, 0.08679763972759247, 0.09258578717708588, 0.09837391972541809, 0.1041620597243309, 0.10995020717382431, 0.11573834717273712, 0.12152649462223053, 0.12731462717056274, 0.13310277462005615, 0.13889092206954956, 0.14467906951904297, 0.15046721696853638, 0.1562553495168686, 0.162043496966362, 0.1678316444158554, 0.17361977696418762, 0.17940792441368103, 0.18519607186317444, 0.19098420441150665]}, "parameters/conv2.weight": {"_type": "histogram", "values": [142.0, 157.0, 124.0, 138.0, 148.0, 161.0, 149.0, 132.0, 149.0, 171.0, 160.0, 154.0, 147.0, 135.0, 130.0, 190.0, 133.0, 153.0, 133.0, 136.0, 147.0, 149.0, 139.0, 151.0, 158.0, 127.0, 138.0, 145.0, 129.0, 138.0, 127.0, 134.0, 152.0, 139.0, 143.0, 151.0, 134.0, 163.0, 131.0, 144.0, 148.0, 150.0, 137.0, 127.0, 162.0, 143.0, 155.0, 153.0, 133.0, 137.0, 165.0, 134.0, 145.0, 139.0, 136.0, 131.0, 123.0, 150.0, 135.0, 145.0, 162.0, 142.0, 135.0, 148.0], "bins": [-0.08333273231983185, -0.08072887361049652, -0.0781250149011612, -0.07552116364240646, -0.07291730493307114, -0.07031344622373581, -0.06770958751440048, -0.06510572880506516, -0.06250187754631042, -0.0598980188369751, -0.05729416385293007, -0.05469030514359474, -0.05208645015954971, -0.049482591450214386, -0.04687873274087906, -0.04427487403154373, -0.041671015322208405, -0.03906715661287308, -0.03646330162882805, -0.03385944291949272, -0.03125558793544769, -0.028651729226112366, -0.02604787051677704, -0.02344401367008686, -0.020840156823396683, -0.018236299976706505, -0.015632443130016327, -0.013028584420681, -0.010424727573990822, -0.007820870727300644, -0.005217012949287891, -0.002613155171275139, -9.290874004364014e-06, 0.002594566438347101, 0.0051984237506985664, 0.007802281063050032, 0.010406138375401497, 0.013009995222091675, 0.015613853000104427, 0.01821771077811718, 0.020821567624807358, 0.023425424471497536, 0.026029281318187714, 0.02863314002752304, 0.03123699687421322, 0.0338408537209034, 0.036444712430238724, 0.03904856741428375, 0.04165242612361908, 0.04425628483295441, 0.046860139816999435, 0.04946399852633476, 0.05206785351037979, 0.05467171221971512, 0.057275570929050446, 0.05987942963838577, 0.0624832846224308, 0.06508713960647583, 0.06769099831581116, 0.07029485702514648, 0.07289871573448181, 0.07550257444381714, 0.07810642570257187, 0.0807102844119072, 0.08331414312124252]}, "parameters/conv2.bias": {"_type": "histogram", "values": [2.0, 2.0, 1.0, 3.0, 1.0, 0.0, 1.0, 1.0, 1.0, 2.0, 0.0, 1.0, 2.0, 1.0, 0.0, 0.0, 0.0, 0.0, 2.0, 1.0, 2.0, 0.0, 5.0, 1.0, 1.0, 1.0, 3.0, 0.0, 1.0, 3.0, 2.0, 0.0, 2.0, 1.0, 2.0, 0.0, 0.0, 1.0, 0.0, 0.0, 0.0, 1.0, 0.0, 0.0, 0.0, 2.0, 1.0, 0.0, 1.0, 2.0, 0.0, 1.0, 1.0, 0.0, 1.0, 0.0, 2.0, 1.0, 0.0, 0.0, 1.0, 0.0, 1.0, 3.0], "bins": [-0.08322204649448395, -0.08062611520290375, -0.07803018391132355, -0.07543424516916275, -0.07283831387758255, -0.07024238258600235, -0.06764644384384155, -0.06505051255226135, -0.06245458126068115, -0.05985864996910095, -0.057262714952230453, -0.054666779935359955, -0.052070848643779755, -0.049474917352199554, -0.046878982335329056, -0.04428304731845856, -0.04168711602687836, -0.03909118473529816, -0.03649524971842766, -0.03389931470155716, -0.03130338340997696, -0.02870745025575161, -0.02611151710152626, -0.02351558394730091, -0.02091965079307556, -0.018323717638850212, -0.015727784484624863, -0.013131851330399513, -0.010535918176174164, -0.007939985021948814, -0.005344051867723465, -0.0027481187134981155, -0.0001521781086921692, 0.0024437550455331802, 0.00503968819975853, 0.007635621353983879, 0.010231554508209229, 0.012827487662434578, 0.015423420816659927, 0.018019353970885277, 0.020615287125110626, 0.023211220279335976, 0.025807153433561325, 0.028403086587786674, 0.030999019742012024, 0.033594951033592224, 0.03619088605046272, 0.03878682106733322, 0.04138275235891342, 0.04397868365049362, 0.04657461866736412, 0.04917055368423462, 0.05176648497581482, 0.05436241626739502, 0.05695835128426552, 0.05955428630113602, 0.06215021759271622, 0.06474614888429642, 0.06734208762645721, 0.06993801891803741, 0.07253395020961761, 0.07512988150119781, 0.07772581279277802, 0.08032175153493881, 0.08291768282651901]}, "parameters/conv3.weight": {"_type": "histogram",