{"Train epoch_loss": 0.9691555494732327, "Test epoch_loss": 0.9630666621526083, "Train accuracy": 0.502311110496521, "Test accuracy": 0.4949333369731903, "Test recall": 0.49472277889111554, "Test precision": 0.9983823132919925, "BH accuracy": 0.002374043787918755, "SPH accuracy": 0.9983823132919925, "_timestamp": 1679409144.446548, "_runtime": 53.19457387924194, "_step": 5, "parameters/conv1.weight": {"_type": "histogram", "values": [9.0, 11.0, 5.0, 6.0, 6.0, 7.0, 10.0, 8.0, 5.0, 8.0, 5.0, 7.0, 6.0, 5.0, 4.0, 5.0, 9.0, 10.0, 3.0, 3.0, 12.0, 8.0, 6.0, 7.0, 7.0, 9.0, 6.0, 3.0, 6.0, 5.0, 7.0, 8.0, 10.0, 3.0, 6.0, 8.0, 7.0, 7.0, 8.0, 7.0, 3.0, 7.0, 7.0, 5.0, 5.0, 7.0, 9.0, 10.0, 7.0, 6.0, 5.0, 3.0, 6.0, 6.0, 13.0, 8.0, 10.0, 10.0, 5.0, 6.0, 4.0, 4.0, 5.0, 9.0], "bins": [-0.1922196000814438, -0.186211958527565, -0.18020430207252502, -0.17419666051864624, -0.16818900406360626, -0.16218136250972748, -0.1561737060546875, -0.15016606450080872, -0.14415842294692993, -0.13815078139305115, -0.13214312493801117, -0.12613548338413239, -0.120127834379673, -0.11412018537521362, -0.10811253637075424, -0.10210488736629486, -0.09609723836183548, -0.0900895893573761, -0.08408194035291672, -0.07807429134845734, -0.07206664979457855, -0.06605900079011917, -0.06005135178565979, -0.05404370650649071, -0.04803605377674103, -0.04202840477228165, -0.036020759493112564, -0.030013110488653183, -0.02400546334683895, -0.01799781620502472, -0.011990167200565338, -0.0059825219213962555, 2.512335777282715e-05, 0.006032770965248346, 0.012040418572723866, 0.018048066645860672, 0.024055713787674904, 0.030063360929489136, 0.03607100993394852, 0.0420786552131176, 0.04808630049228668, 0.05409394949674606, 0.060101594775915146, 0.06610924005508423, 0.07211688905954361, 0.07812453806400299, 0.08413218706846237, 0.09013983607292175, 0.09614748507738113, 0.10215513408184052, 0.1081627830862999, 0.11417043209075928, 0.12017807364463806, 0.12618571519851685, 0.13219337165355682, 0.1382010132074356, 0.14420866966247559, 0.15021631121635437, 0.15622396767139435, 0.16223160922527313, 0.1682392656803131, 0.1742469072341919, 0.18025454878807068, 0.18626220524311066, 0.19226984679698944]}, "parameters/conv1.bias": {"_type": "histogram", "values": [1.0, 0.0, 0.0, 0.0, 0.0, 0.0, 0.0, 0.0, 1.0, 0.0, 0.0, 0.0, 1.0, 0.0, 1.0, 1.0, 1.0, 0.0, 0.0, 0.0, 0.0, 0.0, 0.0, 0.0, 1.0, 0.0, 0.0, 0.0, 0.0, 0.0, 0.0, 0.0, 1.0, 0.0, 0.0, 0.0, 1.0, 0.0, 1.0, 0.0, 0.0, 0.0, 0.0, 0.0, 0.0, 0.0, 0.0, 3.0, 0.0, 0.0, 0.0, 0.0, 0.0, 0.0, 0.0, 0.0, 0.0, 0.0, 1.0, 1.0, 0.0, 0.0, 0.0, 1.0], "bins": [-0.14098209142684937, -0.13600116968154907, -0.13102024793624878, -0.1260393261909485, -0.1210584044456482, -0.1160774827003479, -0.11109655350446701, -0.10611563175916672, -0.10113471001386642, -0.09615378826856613, -0.09117286652326584, -0.08619194477796555, -0.08121101558208466, -0.07623009383678436, -0.07124917209148407, -0.06626825034618378, -0.061287328600883484, -0.05630640685558319, -0.0513254851102829, -0.046344559639692307, -0.041363637894392014, -0.03638271614909172, -0.03140179067850113, -0.026420868933200836, -0.021439947187900543, -0.01645902544260025, -0.011478101834654808, -0.0064971791580319405, -0.0015162564814090729, 0.00346466526389122, 0.008445588871836662, 0.013426512479782104, 0.018407419323921204, 0.023388341069221497, 0.02836926467716694, 0.03335018828511238, 0.038331110030412674, 0.04331203177571297, 0.04829295724630356, 0.05327387899160385, 0.058254800736904144, 0.06323572248220444, 0.06821664422750473, 0.07319756597280502, 0.07817849516868591, 0.0831594169139862, 0.0881403386592865, 0.09312126040458679, 0.09810218214988708, 0.10308310389518738, 0.10806402564048767, 0.11304494738578796, 0.11802586913108826, 0.12300679087638855, 0.12798771262168884, 0.13296863436698914, 0.13794955611228943, 0.14293047785758972, 0.14791139960289001, 0.1528923213481903, 0.1578732430934906, 0.1628541648387909, 0.1678350865840912, 0.17281600832939148, 0.17779694497585297]}, "parameters/conv2.weight": {"_type": "histogram", "values": [161.0, 143.0, 130.0, 140.0, 148.0, 140.0, 159.0, 151.0, 146.0, 141.0, 159.0, 145.0, 138.0, 159.0, 144.0, 138.0, 134.0, 144.0, 132.0, 162.0, 140.0, 139.0, 129.0, 128.0, 140.0, 131.0, 133.0, 133.0, 157.0, 152.0, 147.0, 149.0, 133.0, 142.0, 138.0, 150.0, 153.0, 156.0, 157.0, 137.0, 163.0, 146.0, 141.0, 152.0, 148.0, 123.0, 157.0, 146.0, 155.0, 120.0, 138.0, 142.0, 153.0, 146.0, 160.0, 148.0, 141.0, 148.0, 141.0, 148.0, 133.0, 137.0, 132.0, 140.0], "bins": [-0.08333328366279602, -0.0807294249534607, -0.07812555879354477, -0.07552170008420944, -0.07291783392429352, -0.07031397521495819, -0.06771010905504227, -0.06510625034570694, -0.06250238418579102, -0.05989852175116539, -0.057294659316539764, -0.05469079688191414, -0.05208693444728851, -0.049483075737953186, -0.04687921330332756, -0.044275350868701935, -0.04167149215936661, -0.03906762972474098, -0.036463767290115356, -0.03385990485548973, -0.031256042420864105, -0.02865218184888363, -0.026048321276903152, -0.023444458842277527, -0.0208405964076519, -0.018236733973026276, -0.01563287153840065, -0.013029010966420174, -0.010425148531794548, -0.007821286097168922, -0.005217424593865871, -0.0026135630905628204, -9.6932053565979e-06, 0.0025941687636077404, 0.005198030732572079, 0.007801892701536417, 0.010405754670500755, 0.013009617105126381, 0.015613478608429432, 0.018217340111732483, 0.02082120254635811, 0.023425064980983734, 0.02602892741560936, 0.028632787987589836, 0.03123665042221546, 0.03384051471948624, 0.036444373428821564, 0.03904823586344719, 0.041652098298072815, 0.04425596073269844, 0.046859823167324066, 0.04946368560194969, 0.05206754803657532, 0.054671406745910645, 0.05727526918053627, 0.059879131615161896, 0.06248299404978752, 0.06508685648441315, 0.06769071519374847, 0.0702945813536644, 0.07289844006299973, 0.07550230622291565, 0.07810616493225098, 0.0807100236415863, 0.08331388980150223]}, "parameters/conv2.bias": {"_type": "histogram", "values": [3.0, 0.0, 2.0, 1.0, 2.0, 2.0, 1.0, 0.0, 0.0, 1.0, 0.0, 0.0, 2.0, 0.0, 1.0, 1.0, 1.0, 3.0, 0.0, 2.0, 0.0, 0.0, 3.0, 0.0, 1.0, 2.0, 2.0, 2.0, 0.0, 1.0, 0.0, 1.0, 0.0, 0.0, 2.0, 0.0, 3.0, 0.0, 0.0, 1.0, 0.0, 0.0, 1.0, 2.0, 1.0, 2.0, 1.0, 1.0, 1.0, 0.0, 0.0, 1.0, 4.0, 0.0, 1.0, 0.0, 1.0, 0.0, 2.0, 1.0, 1.0, 1.0, 2.0, 1.0], "bins": [-0.07911550998687744, -0.07658277451992035, -0.07405003905296326, -0.07151729613542557, -0.06898456066846848, -0.06645182520151138, -0.06391908973455429, -0.0613863542675972, -0.05885361507534981, -0.056320879608392715, -0.053788140416145325, -0.05125540494918823, -0.04872266948223114, -0.04618993028998375, -0.04365719482302666, -0.041124455630779266, -0.038591720163822174, -0.03605898469686508, -0.03352624550461769, -0.0309935100376606, -0.028460772708058357, -0.025928035378456116, -0.023395299911499023, -0.020862562581896782, -0.01832982525229454, -0.0157970879226923, -0.013264351524412632, -0.010731615126132965, -0.008198877796530724, -0.005666140466928482, -0.003133404068648815, -0.0006006676703691483, 0.0019320622086524963, 0.0044647990725934505, 0.006997535936534405, 0.009530272334814072, 0.012063009664416313, 0.014595746994018555, 0.017128482460975647, 0.01966121979057789, 0.02219395712018013, 0.02472669444978237, 0.027259431779384613, 0.029792167246341705, 0.0323249027132988, 0.03485764190554619, 0.03739037737250328, 0.03992311656475067, 0.042455852031707764, 0.044988587498664856, 0.04752132669091225, 0.05005406215786934, 0.05258680135011673, 0.05511953681707382, 0.057652272284030914, 0.06018500775098801, 0.0627177506685257, 0.06525048613548279, 0.06778322160243988, 0.07031596451997757, 0.07284869998693466, 0.07538143545389175, 0.07791417092084885, 0.08044690638780594, 0.08297964185476303]}, "parameters/conv3.weight": {"_type": "histogram",