{"Train epoch_loss": 34.52, "Test epoch_loss": 34.18, "Train accuracy": 0.49799999594688416, "Test accuracy": 0.5061333179473877, "Test recall": 0.6190476190476191, "Test precision": 0.00350498786734969, "BH accuracy": 0.9978897388551833, "SPH accuracy": 0.00350498786734969, "_timestamp": 1679419034.9779444, "_runtime": 87.9825644493103, "_step": 9, "parameters/conv1.weight": {"_type": "histogram", "values": [9.0, 10.0, 8.0, 4.0, 4.0, 7.0, 5.0, 12.0, 3.0, 6.0, 5.0, 6.0, 9.0, 7.0, 3.0, 4.0, 9.0, 6.0, 8.0, 4.0, 10.0, 11.0, 5.0, 6.0, 5.0, 7.0, 6.0, 4.0, 8.0, 9.0, 4.0, 8.0, 6.0, 9.0, 4.0, 7.0, 6.0, 6.0, 2.0, 13.0, 7.0, 8.0, 7.0, 10.0, 7.0, 8.0, 8.0, 5.0, 6.0, 6.0, 9.0, 7.0, 6.0, 9.0, 4.0, 10.0, 6.0, 5.0, 5.0, 7.0, 5.0, 7.0, 8.0, 7.0], "bins": [-0.19223496317863464, -0.18622492253780365, -0.18021489679813385, -0.17420485615730286, -0.16819483041763306, -0.16218478977680206, -0.15617474913597107, -0.15016472339630127, -0.14415468275547028, -0.13814464211463928, -0.13213461637496948, -0.1261245757341385, -0.12011454254388809, -0.1141045093536377, -0.1080944687128067, -0.1020844355225563, -0.09607440233230591, -0.09006436914205551, -0.08405433595180511, -0.07804429531097412, -0.07203426212072372, -0.06602422893047333, -0.06001419201493263, -0.05400415509939194, -0.04799412190914154, -0.041984088718891144, -0.03597405180335045, -0.029964016750454903, -0.023953981697559357, -0.01794394664466381, -0.011933911591768265, -0.00592387467622757, 8.61436128616333e-05, 0.006096178665757179, 0.012106213718652725, 0.01811624877154827, 0.024126283824443817, 0.030136318877339363, 0.03614635393023491, 0.042156390845775604, 0.048166424036026, 0.0541764572262764, 0.06018649414181709, 0.06619653105735779, 0.07220656424760818, 0.07821659743785858, 0.08422663807868958, 0.09023667126893997, 0.09624670445919037, 0.10225673764944077, 0.10826677083969116, 0.11427681148052216, 0.12028684467077255, 0.12629687786102295, 0.13230691850185394, 0.13831695914268494, 0.14432698488235474, 0.15033702552318573, 0.15634705126285553, 0.16235709190368652, 0.16836711764335632, 0.17437715828418732, 0.1803871989250183, 0.1863972246646881, 0.1924072653055191]}, "parameters/conv1.bias": {"_type": "histogram", "values": [1.0, 2.0, 0.0, 0.0, 1.0, 0.0, 1.0, 0.0, 0.0, 0.0, 1.0, 0.0, 0.0, 1.0, 0.0, 0.0, 0.0, 0.0, 0.0, 0.0, 1.0, 0.0, 0.0, 0.0, 0.0, 0.0, 0.0, 0.0, 0.0, 0.0, 0.0, 0.0, 0.0, 2.0, 0.0, 0.0, 0.0, 0.0, 0.0, 0.0, 0.0, 0.0, 0.0, 1.0, 0.0, 0.0, 1.0, 0.0, 0.0, 1.0, 0.0, 0.0, 0.0, 0.0, 0.0, 0.0, 0.0, 0.0, 0.0, 0.0, 1.0, 0.0, 0.0, 2.0], "bins": [-0.17851871252059937, -0.17279158532619476, -0.16706445813179016, -0.16133733093738556, -0.15561020374298096, -0.14988307654857635, -0.14415594935417175, -0.13842882215976715, -0.13270169496536255, -0.12697456777095795, -0.12124744057655334, -0.11552031338214874, -0.10979318618774414, -0.10406605899333954, -0.09833893179893494, -0.09261180460453033, -0.08688467741012573, -0.08115755021572113, -0.07543042302131653, -0.06970329582691193, -0.06397616863250732, -0.05824904143810272, -0.05252191424369812, -0.04679478704929352, -0.041067659854888916, -0.035340532660484314, -0.029613405466079712, -0.02388627827167511, -0.018159151077270508, -0.012432023882865906, -0.006704896688461304, -0.0009777694940567017, 0.0047493427991867065, 0.010476469993591309, 0.01620359718799591, 0.021930724382400513, 0.027657851576805115, 0.03338497877120972, 0.03911210596561432, 0.04483923316001892, 0.05056636035442352, 0.056293487548828125, 0.06202061474323273, 0.06774774193763733, 0.07347486913204193, 0.07920199632644653, 0.08492912352085114, 0.09065625071525574, 0.09638337790966034, 0.10211050510406494, 0.10783763229846954, 0.11356475949287415, 0.11929188668727875, 0.12501901388168335, 0.13074614107608795, 0.13647326827049255, 0.14220039546489716, 0.14792752265930176, 0.15365464985370636, 0.15938177704811096, 0.16510890424251556, 0.17083603143692017, 0.17656315863132477, 0.18229028582572937, 0.18801741302013397]}, "parameters/conv2.weight": {"_type": "histogram", "values": [148.0, 142.0, 144.0, 147.0, 132.0, 143.0, 143.0, 130.0, 159.0, 151.0, 134.0, 148.0, 152.0, 129.0, 137.0, 139.0, 166.0, 127.0, 161.0, 147.0, 135.0, 132.0, 131.0, 142.0, 137.0, 158.0, 163.0, 128.0, 172.0, 145.0, 147.0, 133.0, 143.0, 128.0, 153.0, 152.0, 148.0, 148.0, 144.0, 128.0, 155.0, 153.0, 155.0, 140.0, 164.0, 140.0, 147.0, 142.0, 161.0, 121.0, 152.0, 150.0, 148.0, 145.0, 137.0, 136.0, 147.0, 139.0, 143.0, 127.0, 144.0, 147.0, 136.0, 141.0], "bins": [-0.0833217203617096, -0.0807177722454071, -0.07811383157968521, -0.07550988346338272, -0.07290593534708023, -0.07030199468135834, -0.06769804656505585, -0.06509409844875336, -0.062490154057741165, -0.05988620966672897, -0.05728226155042648, -0.05467831715941429, -0.0520743727684021, -0.04947042465209961, -0.04686648026108742, -0.044262535870075226, -0.041658587753772736, -0.039054643362760544, -0.036450695246458054, -0.03384675085544586, -0.03124280460178852, -0.02863885834813118, -0.026034913957118988, -0.023430967703461647, -0.020827021449804306, -0.018223075196146965, -0.015619129873812199, -0.013015184551477432, -0.010411238297820091, -0.00780729204416275, -0.005203346721827984, -0.0025994013994932175, 4.537403583526611e-06, 0.0026084831915795803, 0.005212428979575634, 0.0078163743019104, 0.010420320555567741, 0.013024266809225082, 0.015628211200237274, 0.018232157453894615, 0.020836103707551956, 0.023440049961209297, 0.026043996214866638, 0.02864794060587883, 0.03125188499689102, 0.03385583311319351, 0.036459777504205704, 0.039063721895217896, 0.041667670011520386, 0.04427161440253258, 0.04687556251883507, 0.04947950690984726, 0.05208345502614975, 0.05468739941716194, 0.05729134380817413, 0.059895291924476624, 0.062499236315488815, 0.06510318070650101, 0.0677071288228035, 0.07031107693910599, 0.07291501760482788, 0.07551896572113037, 0.07812291383743286, 0.08072685450315475, 0.08333080261945724]}, "parameters/conv2.bias": {"_type": "histogram", "values": [4.0, 1.0, 0.0, 2.0, 2.0, 1.0, 0.0, 1.0, 0.0, 2.0, 0.0, 2.0, 3.0, 0.0, 2.0, 0.0, 5.0, 1.0, 1.0, 1.0, 0.0, 0.0, 0.0, 0.0, 0.0, 2.0, 1.0, 3.0, 0.0, 3.0, 1.0, 1.0, 0.0, 1.0, 1.0, 1.0, 3.0, 0.0, 0.0, 0.0, 1.0, 0.0, 0.0, 1.0, 0.0, 2.0, 0.0, 1.0, 1.0, 1.0, 0.0, 1.0, 1.0, 1.0, 1.0, 0.0, 3.0, 0.0, 0.0, 0.0, 1.0, 0.0, 2.0, 2.0], "bins": [-0.08227582275867462, -0.07970881462097168, -0.07714179903268814, -0.0745747908949852, -0.07200778275728226, -0.06944076716899872, -0.06687375903129578, -0.06430675089359283, -0.061739739030599594, -0.059172727167606354, -0.05660571902990341, -0.05403870716691017, -0.05147169530391693, -0.04890468716621399, -0.04633767530322075, -0.04377066344022751, -0.04120365530252457, -0.038636643439531326, -0.036069635301828384, -0.033502623438835144, -0.030935613438487053, -0.028368603438138962, -0.02580159157514572, -0.02323458157479763, -0.02066757157444954, -0.018100561574101448, -0.015533550642430782, -0.012966539710760117, -0.010399529710412025, -0.007832519710063934, -0.005265508778393269, -0.002698497846722603, -0.00013149529695510864, 0.00243551516905427, 0.005002525635063648, 0.007569536101073027, 0.010136546567082405, 0.012703556567430496, 0.015270567499101162, 0.017837578430771828, 0.02040458843111992, 0.02297159843146801, 0.0255386084318161, 0.02810562029480934, 0.030672630295157433, 0.033239640295505524, 0.035806652158498764, 0.038373664021492004, 0.040940672159194946, 0.04350768402218819, 0.04607469215989113, 0.04864170402288437, 0.05120871216058731, 0.05377572402358055, 0.05634273588657379, 0.05890974402427673, 0.061476755887269974, 0.06404376775026321, 0.06661077588796616, 0.0691777840256691, 0.07174479961395264, 0.07431180775165558, 0.07687881588935852, 0.07944583147764206, 0.082012839615345]}, "parameters/conv3.weight": {"_type": "histogram",