{"Test epoch_loss": NaN, "Test accuracy": 0.505466639995575, "Test recall": 0.0, "Test precision": 0.0, "BH accuracy": 1.0, "SPH accuracy": 0.0, "_timestamp": 1679572921.758624, "_runtime": 105.4119930267334, "_step": 5, "Train epoch_loss": NaN, "Train accuracy": 0.49817776679992676}