{"Test epoch_loss": 0.5560000004371007, "Test accuracy": 0.4949333369731903, "Test recall": 0.3729903536977492, "Test precision": 0.03127527635481262, "BH accuracy": 0.9485623845950937, "SPH accuracy": 0.03127527635481262, "_timestamp": 1679489049.426262, "_runtime": 66.90988993644714, "_step": 10, "Train epoch_loss": 0.5527111129628287, "Train accuracy": 0.4889777898788452, "parameters/graph_1conv1.weight": {"_type": "histogram", "values": [7.0, 9.0, 9.0, 6.0, 7.0, 5.0, 7.0, 9.0, 3.0, 11.0, 5.0, 3.0, 12.0, 6.0, 11.0, 7.0, 9.0, 7.0, 4.0, 3.0, 3.0, 6.0, 9.0, 8.0, 5.0, 6.0, 6.0, 7.0, 4.0, 6.0, 7.0, 6.0, 6.0, 4.0, 4.0, 4.0, 6.0, 7.0, 6.0, 2.0, 8.0, 1.0, 7.0, 8.0, 13.0, 5.0, 10.0, 7.0, 8.0, 5.0, 9.0, 9.0, 10.0, 9.0, 9.0, 5.0, 3.0, 9.0, 9.0, 7.0, 7.0, 8.0, 7.0, 7.0], "bins": [-0.19224929809570312, -0.1862550973892212, -0.18026091158390045, -0.17426671087741852, -0.16827252507209778, -0.16227832436561584, -0.1562841236591339, -0.15028993785381317, -0.14429575204849243, -0.1383015513420105, -0.13230736553668976, -0.12631316483020782, -0.12031897902488708, -0.11432477831840515, -0.10833058506250381, -0.10233639180660248, -0.09634219110012054, -0.09034799784421921, -0.08435380458831787, -0.07835960388183594, -0.0723654180765152, -0.06637121737003326, -0.06037702411413193, -0.05438283085823059, -0.04838863015174866, -0.04239443689584732, -0.036400243639945984, -0.03040604665875435, -0.024411853402853012, -0.018417660146951675, -0.01242346316576004, -0.006429269909858704, -0.0004350990056991577, 0.005559095181524754, 0.011553289368748665, 0.01754748448729515, 0.023541677743196487, 0.029535870999097824, 0.03553006798028946, 0.041524261236190796, 0.047518447041511536, 0.05351264029741287, 0.05950683355331421, 0.06550103425979614, 0.07149522006511688, 0.07748942077159882, 0.08348361402750015, 0.08947780728340149, 0.09547200798988342, 0.10146620124578476, 0.1074603945016861, 0.11345459520816803, 0.11944878101348877, 0.1254429817199707, 0.13143718242645264, 0.13743136823177338, 0.14342555403709412, 0.14941975474357605, 0.1554139405488968, 0.16140814125537872, 0.16740232706069946, 0.1733965277671814, 0.17939072847366333, 0.18538491427898407, 0.191379114985466]}, "parameters/graph_1conv1.bias": {"_type": "histogram", "values": [1.0, 0.0, 1.0, 0.0, 0.0, 0.0, 1.0, 0.0, 0.0, 0.0, 0.0, 1.0, 0.0, 0.0, 0.0, 0.0, 1.0, 0.0, 1.0, 0.0, 0.0, 0.0, 0.0, 0.0, 0.0, 0.0, 0.0, 0.0, 0.0, 1.0, 1.0, 1.0, 0.0, 0.0, 0.0, 0.0, 0.0, 0.0, 0.0, 0.0, 0.0, 0.0, 0.0, 2.0, 0.0, 0.0, 1.0, 1.0, 1.0, 0.0, 0.0, 0.0, 0.0, 0.0, 0.0, 1.0, 0.0, 0.0, 0.0, 0.0, 0.0, 0.0, 0.0, 1.0], "bins": [-0.17663393914699554, -0.17193134129047394, -0.16722875833511353, -0.16252616047859192, -0.1578235626220703, -0.1531209647655487, -0.1484183818101883, -0.1437157839536667, -0.13901320099830627, -0.13431060314178467, -0.12960802018642426, -0.12490542232990265, -0.12020282447338104, -0.11550023406744003, -0.11079764366149902, -0.10609504580497742, -0.10139244794845581, -0.0966898575425148, -0.0919872596859932, -0.08728466928005219, -0.08258207142353058, -0.07787948101758957, -0.07317689061164856, -0.06847429275512695, -0.06377170234918594, -0.059069108217954636, -0.05436651408672333, -0.04966392368078232, -0.04496132954955101, -0.0402587354183197, -0.03555614501237869, -0.030853550881147385, -0.026150956749916077, -0.02144836261868477, -0.01674577035009861, -0.012043177150189877, -0.007340583950281143, -0.002637989819049835, 0.0020646024495363235, 0.006767194718122482, 0.01146978884935379, 0.0161723829805851, 0.020874975249171257, 0.025577567517757416, 0.030280161648988724, 0.03498275578022003, 0.03968534618616104, 0.04438794031739235, 0.04909053444862366, 0.053793128579854965, 0.05849572271108627, 0.06319831311702728, 0.06790091097354889, 0.0726035013794899, 0.07730609178543091, 0.08200868964195251, 0.08671128004789352, 0.09141387045383453, 0.09611646831035614, 0.10081905871629715, 0.10552164912223816, 0.11022424697875977, 0.11492683738470078, 0.11962942779064178, 0.12433202564716339]}, "parameters/graph_1conv2.weight": {"_type": "histogram", "values": [150.0, 149.0, 155.0, 136.0, 146.0, 150.0, 168.0, 155.0, 149.0, 141.0, 144.0, 126.0, 131.0, 160.0, 150.0, 154.0, 147.0, 136.0, 144.0, 147.0, 166.0, 128.0, 157.0, 121.0, 150.0, 136.0, 144.0, 147.0, 144.0, 165.0, 153.0, 141.0, 153.0, 153.0, 141.0, 145.0, 163.0, 131.0, 137.0, 137.0, 144.0, 153.0, 154.0, 147.0, 128.0, 135.0, 156.0, 162.0, 130.0, 167.0, 136.0, 126.0, 121.0, 115.0, 154.0, 126.0, 160.0, 123.0, 145.0, 124.0, 147.0, 139.0, 136.0, 138.0], "bins": [-0.08331822603940964, -0.0807143971323967, -0.07811056822538376, -0.07550673931837082, -0.07290291786193848, -0.07029908895492554, -0.0676952600479126, -0.06509143114089966, -0.06248760223388672, -0.05988377332687378, -0.05727994441986084, -0.0546761192381382, -0.05207229033112526, -0.04946846142411232, -0.04686463624238968, -0.04426080733537674, -0.0416569784283638, -0.03905314952135086, -0.03644932061433792, -0.03384549543261528, -0.03124166652560234, -0.0286378376185894, -0.02603401057422161, -0.02343018352985382, -0.02082635462284088, -0.018222525715827942, -0.015618698671460152, -0.013014870695769787, -0.010411042720079422, -0.007807214744389057, -0.005203386768698692, -0.002599559724330902, 4.2691826820373535e-06, 0.002608097158372402, 0.005211925134062767, 0.007815753109753132, 0.010419581085443497, 0.013023409061133862, 0.015627237036824226, 0.018231064081192017, 0.020834892988204956, 0.023438721895217896, 0.026042548939585686, 0.028646375983953476, 0.031250204890966415, 0.033854033797979355, 0.036457858979701996, 0.039061687886714935, 0.041665516793727875, 0.044269345700740814, 0.046873174607753754, 0.049476999789476395, 0.052080828696489334, 0.054684657603502274, 0.057288482785224915, 0.059892311692237854, 0.06249614059925079, 0.06509996950626373, 0.06770379841327667, 0.07030762732028961, 0.07291145622730255, 0.0755152776837349, 0.07811910659074783, 0.08072293549776077, 0.08332676440477371]}, "parameters/graph_1conv2.bias": {"_type": "histogram", "values": [1.0, 3.0, 2.0, 2.0, 3.0, 1.0, 1.0, 2.0, 1.0, 0.0, 1.0, 1.0, 0.0, 2.0, 2.0, 0.0, 1.0, 1.0, 1.0, 0.0, 0.0, 0.0, 0.0, 0.0, 1.0, 2.0, 1.0, 3.0, 0.0, 1.0, 1.0, 0.0, 0.0, 0.0, 1.0, 1.0, 2.0, 2.0, 0.0, 0.0, 5.0, 1.0, 4.0, 0.0, 2.0, 0.0, 0.0, 1.0, 2.0, 1.0, 0.0, 0.0, 0.0, 1.0, 1.0, 1.0, 0.0, 0.0, 0.0, 0.0, 1.0, 1.0, 0.0, 3.0], "bins": [-0.0832391232252121, -0.08064162731170654, -0.07804412394762039, -0.07544662803411484, -0.07284913212060928, -0.07025162875652313, -0.06765413284301758, -0.06505663692951202, -0.06245913729071617, -0.05986163765192032, -0.057264141738414764, -0.05466664209961891, -0.05206914246082306, -0.049471646547317505, -0.04687414690852165, -0.0442766472697258, -0.041679151356220245, -0.03908165171742439, -0.03648415580391884, -0.033886656165122986, -0.03128916025161743, -0.02869166061282158, -0.026094160974025726, -0.023496663197875023, -0.02089916542172432, -0.018301667645573616, -0.015704169869422913, -0.01310667023062706, -0.010509172454476357, -0.007911674678325653, -0.005314175970852375, -0.002716677263379097, -0.00011918693780899048, 0.0024783113040030003, 0.005075809545814991, 0.007673307787626982, 0.010270806029438972, 0.012868303805589676, 0.015465802513062954, 0.018063301220536232, 0.020660798996686935, 0.02325829677283764, 0.025855794548988342, 0.028453294187784195, 0.0310507919639349, 0.0336482897400856, 0.036245789378881454, 0.03884328901767731, 0.04144078493118286, 0.044038284569978714, 0.04663578048348427, 0.04923328012228012, 0.051830776035785675, 0.05442827567458153, 0.05702577531337738, 0.059623271226882935, 0.06222077086567879, 0.06481827050447464, 0.0674157664179802, 0.07001326233148575, 0.0726107656955719, 0.07520826160907745, 0.07780575752258301, 0.08040326088666916, 0.08300075680017471]}, "parameters/graph_1conv3.weight": {"_type": "histogram",