{"Train epoch_loss": 1.5859823931588066, "Test epoch_loss": 1.598740207751592, "Train accuracy": 0.4971555471420288, "Test accuracy": 0.4936000108718872, "Test recall": 0.4399460188933873, "Test precision": 0.08789431113507684, "BH accuracy": 0.8905302031126352, "SPH accuracy": 0.08789431113507684, "_timestamp": 1679483769.5364943, "_runtime": 12.309231281280518, "_step": 2, "parameters/conv1.weight": {"_type": "histogram", "values": [9.0, 6.0, 8.0, 5.0, 8.0, 6.0, 6.0, 6.0, 5.0, 5.0, 7.0, 10.0, 7.0, 6.0, 9.0, 5.0, 7.0, 1.0, 11.0, 6.0, 9.0, 5.0, 5.0, 5.0, 7.0, 3.0, 6.0, 7.0, 7.0, 9.0, 14.0, 8.0, 8.0, 8.0, 8.0, 9.0, 11.0, 1.0, 3.0, 0.0, 5.0, 5.0, 10.0, 9.0, 8.0, 6.0, 4.0, 9.0, 7.0, 8.0, 6.0, 1.0, 9.0, 5.0, 9.0, 5.0, 6.0, 8.0, 13.0, 6.0, 9.0, 4.0, 4.0, 10.0], "bins": [-0.1921740025281906, -0.18616461753845215, -0.18015523254871368, -0.17414584755897522, -0.16813647747039795, -0.16212709248065948, -0.15611770749092102, -0.15010832250118256, -0.1440989375114441, -0.13808955252170563, -0.13208016753196716, -0.1260707825422287, -0.12006140500307083, -0.11405202001333237, -0.1080426424741745, -0.10203325748443604, -0.09602387249469757, -0.0900144875049591, -0.08400510251522064, -0.07799572497606277, -0.07198633998632431, -0.06597695499658585, -0.05996757373213768, -0.053958192467689514, -0.04794880747795105, -0.041939422488212585, -0.03593004122376442, -0.029920658096671104, -0.02391127496957779, -0.017901891842484474, -0.011892508715391159, -0.005883127450942993, 0.0001262575387954712, 0.006135640665888786, 0.012145023792982101, 0.018154406920075417, 0.02416379004716873, 0.030173173174262047, 0.03618255630135536, 0.04219193756580353, 0.04820132255554199, 0.05421070754528046, 0.06022008880972862, 0.06622947007417679, 0.07223885506391525, 0.07824824005365372, 0.08425761759281158, 0.09026700258255005, 0.09627638757228851, 0.10228577256202698, 0.10829515755176544, 0.11430453509092331, 0.12031392008066177, 0.12632329761981964, 0.1323326826095581, 0.13834206759929657, 0.14435145258903503, 0.1503608375787735, 0.15637022256851196, 0.16237960755825043, 0.1683889925479889, 0.17439836263656616, 0.18040774762630463, 0.1864171326160431, 0.19242651760578156]}, "parameters/conv1.bias": {"_type": "histogram", "values": [1.0, 0.0, 1.0, 0.0, 0.0, 0.0, 0.0, 0.0, 0.0, 0.0, 0.0, 0.0, 0.0, 0.0, 0.0, 0.0, 1.0, 0.0, 0.0, 1.0, 0.0, 0.0, 0.0, 0.0, 1.0, 0.0, 0.0, 0.0, 0.0, 0.0, 0.0, 1.0, 0.0, 0.0, 0.0, 1.0, 0.0, 0.0, 1.0, 0.0, 0.0, 1.0, 0.0, 0.0, 1.0, 0.0, 0.0, 1.0, 0.0, 1.0, 0.0, 0.0, 2.0, 0.0, 1.0, 0.0, 0.0, 0.0, 0.0, 0.0, 0.0, 0.0, 0.0, 1.0], "bins": [-0.14355678856372833, -0.13833041489124298, -0.13310404121875763, -0.12787766754627228, -0.12265128642320633, -0.11742491275072098, -0.11219853907823563, -0.10697215795516968, -0.10174578428268433, -0.09651941061019897, -0.09129303693771362, -0.08606666326522827, -0.08084028214216232, -0.07561390846967697, -0.07038753479719162, -0.06516115367412567, -0.05993478745222092, -0.054708413779735565, -0.049482036381959915, -0.044255662709474564, -0.039029285311698914, -0.03380291163921356, -0.02857653796672821, -0.02335016056895256, -0.018123790621757507, -0.012897415086627007, -0.00767104048281908, -0.002444665879011154, 0.0027817096561193466, 0.008008085191249847, 0.013234458863735199, 0.01846083626151085, 0.0236872136592865, 0.028913589194417, 0.0341399647295475, 0.03936633840203285, 0.0445927157998085, 0.049819089472293854, 0.055045463144779205, 0.060271840542554855, 0.0654982179403305, 0.07072459161281586, 0.07595096528530121, 0.08117733895778656, 0.08640372008085251, 0.09163009375333786, 0.09685646742582321, 0.10208284854888916, 0.10730921477079391, 0.11253558844327927, 0.11776196211576462, 0.12298834323883057, 0.12821471691131592, 0.13344109058380127, 0.13866746425628662, 0.14389383792877197, 0.14912021160125732, 0.15434658527374268, 0.15957295894622803, 0.16479933261871338, 0.17002570629119873, 0.17525207996368408, 0.18047845363616943, 0.18570484220981598, 0.19093121588230133]}, "parameters/conv2.weight": {"_type": "histogram", "values": [161.0, 156.0, 159.0, 131.0, 154.0, 160.0, 127.0, 141.0, 135.0, 158.0, 148.0, 150.0, 140.0, 150.0, 141.0, 136.0, 131.0, 130.0, 163.0, 144.0, 127.0, 162.0, 132.0, 155.0, 143.0, 151.0, 147.0, 156.0, 129.0, 165.0, 143.0, 136.0, 145.0, 153.0, 154.0, 143.0, 118.0, 166.0, 147.0, 124.0, 141.0, 118.0, 128.0, 158.0, 124.0, 129.0, 132.0, 128.0, 144.0, 148.0, 152.0, 132.0, 149.0, 136.0, 145.0, 154.0, 177.0, 150.0, 132.0, 146.0, 153.0, 136.0, 149.0, 144.0], "bins": [-0.08330973237752914, -0.08070674538612366, -0.07810375094413757, -0.07550076395273209, -0.0728977769613266, -0.07029478251934052, -0.06769179552793503, -0.06508880853652954, -0.062485817819833755, -0.05988282710313797, -0.05727984011173248, -0.0546768493950367, -0.05207385867834091, -0.049470871686935425, -0.04686788097023964, -0.044264890253543854, -0.04166190326213837, -0.03905891254544258, -0.036455925554037094, -0.03385293483734131, -0.031249945983290672, -0.028646957129240036, -0.02604396641254425, -0.023440977558493614, -0.020837988704442978, -0.01823499985039234, -0.015632010996341705, -0.01302902027964592, -0.010426031425595284, -0.007823042571544647, -0.005220052786171436, -0.0026170630007982254, -1.4074146747589111e-05, 0.0025889151729643345, 0.005191904492676258, 0.007794893812388182, 0.010397883132100105, 0.013000871986150742, 0.015603861771523952, 0.018206851556897163, 0.0208098404109478, 0.023412829264998436, 0.026015818119049072, 0.028618808835744858, 0.031221797689795494, 0.03382478654384613, 0.036427777260541916, 0.0390307679772377, 0.04163375496864319, 0.044236745685338974, 0.04683973267674446, 0.04944272339344025, 0.052045710384845734, 0.05464870110154152, 0.057251691818237305, 0.05985467880964279, 0.06245766952633858, 0.06506066024303436, 0.06766364723443985, 0.07026663422584534, 0.07286962866783142, 0.07547261565923691, 0.0780756026506424, 0.08067859709262848, 0.08328158408403397]}, "parameters/conv2.bias": {"_type": "histogram", "values": [2.0, 1.0, 0.0, 0.0, 0.0, 0.0, 1.0, 2.0, 0.0, 3.0, 0.0, 1.0, 1.0, 1.0, 0.0, 3.0, 1.0, 1.0, 1.0, 1.0, 1.0, 2.0, 0.0, 3.0, 2.0, 0.0, 0.0, 1.0, 0.0, 1.0, 1.0, 1.0, 0.0, 1.0, 0.0, 0.0, 0.0, 2.0, 2.0, 1.0, 0.0, 1.0, 2.0, 0.0, 1.0, 1.0, 2.0, 0.0, 1.0, 1.0, 0.0, 0.0, 3.0, 1.0, 2.0, 1.0, 1.0, 2.0, 3.0, 1.0, 1.0, 0.0, 1.0, 2.0], "bins": [-0.08100434392690659, -0.07844259589910507, -0.07588084787130356, -0.07331910729408264, -0.07075735926628113, -0.06819561123847961, -0.0656338632106781, -0.06307211518287659, -0.06051037088036537, -0.05794862285256386, -0.05538687855005264, -0.05282513052225113, -0.050263382494449615, -0.0477016381919384, -0.04513989016413689, -0.04257814586162567, -0.04001639783382416, -0.037454649806022644, -0.03489290550351143, -0.032331157475709915, -0.02976941131055355, -0.027207665145397186, -0.024645917117595673, -0.022084170952439308, -0.019522424787282944, -0.01696067862212658, -0.01439893152564764, -0.011837184429168701, -0.009275438264012337, -0.006713692098855972, -0.004151945002377033, -0.0015901979058980942, 0.0009715482592582703, 0.003533294890075922, 0.006095041520893574, 0.008656788617372513, 0.011218534782528877, 0.013780280947685242, 0.016342028975486755, 0.01890377514064312, 0.021465521305799484, 0.02402726747095585, 0.026589013636112213, 0.029150761663913727, 0.03171250969171524, 0.034274253994226456, 0.03683600202202797, 0.039397746324539185, 0.0419594943523407, 0.04452124238014221, 0.04708298668265343, 0.04964473471045494, 0.052206479012966156, 0.05476822704076767, 0.05732997506856918, 0.0598917230963707, 0.06245346739888191, 0.06501521170139313, 0.06757695972919464, 0.07013870775699615, 0.07270045578479767, 0.07526220381259918, 0.0778239443898201, 0.08038569241762161, 0.08294744044542313]}, "parameters/conv3.weight": {"_type": "histogram",