{"Test epoch_loss": 2.137976166407267, "Test accuracy": 0.5008000135421753, "Test recall": 0.49755004899902, "Test precision": 0.9582097600431383, "BH accuracy": 0.05328409390662094, "SPH accuracy": 0.9582097600431383, "_timestamp": 1680000334.5147097, "_runtime": 3.1219418048858643, "_step": 0}