{"Test epoch_loss": 0.6962062442302703, "Test accuracy": 0.47413334250450134, "Test recall": 0.47479081742115425, "Test precision": 0.5966567808034511, "BH accuracy": 0.3542600896860987, "SPH accuracy": 0.5966567808034511, "_timestamp": 1679673054.619144, "_runtime": 5.2702929973602295, "_step": 0}