{"Test epoch_loss": 0.6268, "Test accuracy": 0.5325333476066589, "Test recall": 0.5214996822707053, "Test precision": 0.6637907791857643, "BH accuracy": 0.4041150092323925, "SPH accuracy": 0.6637907791857643, "_timestamp": 1679527078.9600482, "_runtime": 89.65920519828796, "_step": 4, "Train epoch_loss": 0.6467555555555555, "Train accuracy": 0.524577796459198, "parameters/conv1.weight": {"_type": "histogram", "values": [6.0, 5.0, 8.0, 7.0, 3.0, 8.0, 11.0, 7.0, 7.0, 10.0, 9.0, 6.0, 6.0, 7.0, 10.0, 7.0, 6.0, 5.0, 7.0, 7.0, 13.0, 4.0, 6.0, 4.0, 6.0, 7.0, 3.0, 6.0, 10.0, 6.0, 8.0, 4.0, 7.0, 6.0, 5.0, 7.0, 7.0, 6.0, 9.0, 4.0, 6.0, 8.0, 15.0, 4.0, 8.0, 10.0, 7.0, 7.0, 6.0, 5.0, 11.0, 2.0, 4.0, 8.0, 6.0, 10.0, 3.0, 3.0, 9.0, 7.0, 5.0, 6.0, 1.0, 11.0], "bins": [-0.19112439453601837, -0.18513596057891846, -0.17914751172065735, -0.17315906286239624, -0.16717062890529633, -0.1611821949481964, -0.1551937460899353, -0.1492052972316742, -0.14321686327457428, -0.13722842931747437, -0.13123998045921326, -0.12525153160095215, -0.11926309764385223, -0.11327465623617172, -0.10728621482849121, -0.1012977734208107, -0.09530933201313019, -0.08932089060544968, -0.08333244919776917, -0.07734400779008865, -0.07135556638240814, -0.06536712497472763, -0.05937868356704712, -0.05339024215936661, -0.047401800751686096, -0.041413359344005585, -0.03542491793632507, -0.029436476528644562, -0.02344803512096405, -0.01745959371328354, -0.011471152305603027, -0.005482710897922516, 0.0005057305097579956, 0.006494171917438507, 0.012482613325119019, 0.01847105473279953, 0.02445949614048004, 0.030447937548160553, 0.036436378955841064, 0.042424820363521576, 0.04841326177120209, 0.0544017031788826, 0.06039014458656311, 0.06637858599424362, 0.07236702740192413, 0.07835546880960464, 0.08434391021728516, 0.09033235162496567, 0.09632079303264618, 0.10230923444032669, 0.1082976758480072, 0.11428611725568771, 0.12027455866336823, 0.12626299262046814, 0.13225144147872925, 0.13823989033699036, 0.14422832429409027, 0.15021675825119019, 0.1562052071094513, 0.1621936559677124, 0.16818208992481232, 0.17417052388191223, 0.18015897274017334, 0.18614742159843445, 0.19213585555553436]}, "parameters/conv1.bias": {"_type": "histogram", "values": [1.0, 0.0, 1.0, 1.0, 0.0, 1.0, 0.0, 0.0, 0.0, 0.0, 0.0, 1.0, 0.0, 1.0, 0.0, 0.0, 0.0, 0.0, 0.0, 1.0, 0.0, 0.0, 0.0, 0.0, 0.0, 1.0, 1.0, 0.0, 0.0, 0.0, 0.0, 0.0, 0.0, 0.0, 1.0, 0.0, 0.0, 0.0, 0.0, 1.0, 0.0, 0.0, 0.0, 0.0, 1.0, 0.0, 0.0, 0.0, 1.0, 0.0, 0.0, 0.0, 0.0, 0.0, 0.0, 0.0, 1.0, 0.0, 0.0, 0.0, 1.0, 0.0, 0.0, 1.0], "bins": [-0.16710619628429413, -0.16241301596164703, -0.15771985054016113, -0.15302667021751404, -0.14833348989486694, -0.14364030957221985, -0.13894714415073395, -0.13425396382808685, -0.12956078350543976, -0.12486761063337326, -0.12017443031072617, -0.11548125743865967, -0.11078807711601257, -0.10609490424394608, -0.10140173137187958, -0.09670855104923248, -0.09201537817716599, -0.08732220530509949, -0.08262902498245239, -0.0779358521103859, -0.0732426717877388, -0.0685494989156723, -0.06385631859302521, -0.05916314572095871, -0.05446997284889221, -0.049776796251535416, -0.04508361965417862, -0.04039044678211212, -0.03569726645946503, -0.03100409172475338, -0.026310916990041733, -0.021617740392684937, -0.016924560070037842, -0.012231383472681046, -0.007538207806646824, -0.0028450321406126022, 0.001848144456744194, 0.00654132105410099, 0.011234495788812637, 0.015927672386169434, 0.02062085270881653, 0.025314029306173325, 0.03000720590353012, 0.03470037877559662, 0.03939355909824371, 0.04408673197031021, 0.04877990856766701, 0.053473085165023804, 0.0581662580370903, 0.0628594309091568, 0.0675526112318039, 0.07224578410387039, 0.07693896442651749, 0.08163213729858398, 0.08632531762123108, 0.09101849049329758, 0.09571166336536407, 0.10040483623743057, 0.10509801656007767, 0.10979118943214417, 0.11448436975479126, 0.11917754262685776, 0.12387071549892426, 0.12856389582157135, 0.13325707614421844]}, "parameters/conv2.weight": {"_type": "histogram", "values": [146.0, 140.0, 156.0, 135.0, 158.0, 137.0, 127.0, 135.0, 145.0, 138.0, 157.0, 144.0, 139.0, 146.0, 152.0, 154.0, 140.0, 143.0, 149.0, 141.0, 142.0, 152.0, 154.0, 152.0, 148.0, 134.0, 155.0, 149.0, 150.0, 139.0, 156.0, 139.0, 152.0, 144.0, 163.0, 135.0, 136.0, 136.0, 148.0, 129.0, 140.0, 146.0, 149.0, 128.0, 151.0, 147.0, 151.0, 149.0, 158.0, 141.0, 144.0, 148.0, 137.0, 136.0, 132.0, 144.0, 167.0, 136.0, 125.0, 147.0, 126.0, 134.0, 128.0, 157.0], "bins": [-0.08329953253269196, -0.08069612830877304, -0.07809272408485413, -0.07548931986093521, -0.0728859156370163, -0.07028251141309738, -0.06767910718917847, -0.06507571041584015, -0.062472302466630936, -0.05986889824271202, -0.057265494018793106, -0.05466208979487419, -0.052058689296245575, -0.04945528507232666, -0.046851880848407745, -0.04424847662448883, -0.041645072400569916, -0.039041668176651, -0.036438263952732086, -0.03383485972881317, -0.031231457367539406, -0.02862805314362049, -0.026024650782346725, -0.02342124655842781, -0.020817842334508896, -0.01821443811058998, -0.015611034817993641, -0.0130076315253973, -0.010404227301478386, -0.007800823077559471, -0.005197419784963131, -0.0025940164923667908, 9.395182132720947e-06, 0.0026127989403903484, 0.005216202698647976, 0.007819605991244316, 0.010423010215163231, 0.013026414439082146, 0.01562981680035591, 0.018233221024274826, 0.02083662524819374, 0.023440029472112656, 0.02604343369603157, 0.028646836057305336, 0.0312502384185791, 0.033853642642498016, 0.03645704686641693, 0.039060451090335846, 0.04166385531425476, 0.044267259538173676, 0.04687066376209259, 0.049474067986011505, 0.05207747220993042, 0.054680876433849335, 0.05728427693247795, 0.059887681156396866, 0.06249108538031578, 0.0650944858789444, 0.06769789010286331, 0.07030129432678223, 0.07290469855070114, 0.07550810277462006, 0.07811150699853897, 0.08071491122245789, 0.0833183154463768]}, "parameters/conv2.bias": {"_type": "histogram", "values": [2.0, 2.0, 2.0, 2.0, 0.0, 2.0, 1.0, 0.0, 3.0, 2.0, 0.0, 1.0, 0.0, 0.0, 0.0, 0.0, 0.0, 2.0, 1.0, 1.0, 0.0, 0.0, 0.0, 0.0, 0.0, 1.0, 2.0, 0.0, 0.0, 2.0, 0.0, 0.0, 2.0, 1.0, 1.0, 1.0, 0.0, 0.0, 4.0, 1.0, 2.0, 0.0, 0.0, 1.0, 0.0, 2.0, 2.0, 1.0, 0.0, 1.0, 1.0, 2.0, 2.0, 1.0, 2.0, 3.0, 1.0, 1.0, 1.0, 0.0, 1.0, 1.0, 1.0, 2.0], "bins": [-0.08274736255407333, -0.08016584813594818, -0.07758433371782303, -0.07500281184911728, -0.07242129743099213, -0.06983978301286697, -0.06725826859474182, -0.06467675417661667, -0.06209523603320122, -0.059513721615076065, -0.056932203471660614, -0.05435068905353546, -0.05176917463541031, -0.04918765649199486, -0.046606142073869705, -0.044024623930454254, -0.0414431095123291, -0.03886159509420395, -0.0362800769507885, -0.033698562532663345, -0.031117046251893044, -0.02853552997112274, -0.02595401555299759, -0.023372499272227287, -0.020790982991456985, -0.018209466710686684, -0.015627950429916382, -0.01304643601179123, -0.010464919731020927, -0.007883403450250626, -0.005301888100802898, -0.002720372751355171, -0.00013885647058486938, 0.002442659344524145, 0.00502417515963316, 0.007605690974742174, 0.010187206789851189, 0.01276872307062149, 0.015350238420069218, 0.017931753769516945, 0.020513270050287247, 0.02309478633105755, 0.02567630261182785, 0.028257817029953003, 0.030839333310723305, 0.03342084959149361, 0.03600236400961876, 0.03858388215303421, 0.04116539657115936, 0.043746910989284515, 0.046328429132699966, 0.04890994355082512, 0.05149146169424057, 0.05407297611236572, 0.056654490530490875, 0.05923600494861603, 0.06181752309203148, 0.06439904123544693, 0.06698055565357208, 0.06956207007169724, 0.07214358448982239, 0.07472510635852814, 0.07730662077665329, 0.07988813519477844, 0.0824696496129036]}, "parameters/conv3.weight": {"_type": "histogram",